cdsid,role,firstName,lastName,email,imageUrl
aagrawal,Software Engineer,Aarti,Agrawal,aagrawal@ford.com,https://cdn.nba.com/headshots/nba/latest/260x190/1630173.png
aanders1,Software Engineer,Ava,Anderson,aanders1@ford.com,https://cdn.nba.com/headshots/nba/latest/260x190/203500.png
aanderso,Product Manager,Addison,Anderson,aanderso@ford.com,https://cdn.nba.com/headshots/nba/latest/260x190/1628389.png
abrooks,Product Manager,Amy,Brooks,abrooks@ford.com,https://cdn.nba.com/headshots/nba/latest/260x190/1630534.png
abrown,Software Engineer,Aiden,Brown,abrown@ford.com,https://cdn.nba.com/headshots/nba/latest/260x190/1630583.png
abrown1,Product Manager,Alexander,Brown,abrown1@ford.com,https://cdn.nba.com/headshots/nba/latest/260x190/1629638.png
abrown2,Software Engineer,Andrew,Brown,abrown2@ford.com,https://cdn.nba.com/headshots/nba/latest/260x190/1628960.png
abrown3,Software Engineer,Aubree,Brown,abrown3@ford.com,https://cdn.nba.com/headshots/nba/latest/260x190/1628386.png
abrown4,Data Scientist,Ava,Brown,abrown4@ford.com,https://cdn.nba.com/headshots/nba/latest/260x190/1630631.png
abutler,Product Manager,Alice,Butler,abutler@ford.com,https://cdn.nba.com/headshots/nba/latest/260x190/203937.png
achoudh1,Software Engineer,Ayesha,Choudhury,achoudh1@ford.com,https://cdn.nba.com/headshots/nba/latest/260x190/203507.png
achoudhu,Data Scientist,Ananya,Choudhury,achoudhu@ford.com,https://cdn.nba.com/headshots/nba/latest/260x190/203648.png
adavis,Software Engineer,Aubrey,Davis,adavis@ford.com,https://cdn.nba.com/headshots/nba/latest/260x190/1630175.png
adavis1,Product Designer,Ava,Davis,adavis1@ford.com,https://cdn.nba.com/headshots/nba/latest/260x190/1628384.png
adeshpan,Product Manager,Arvind,Deshpande,adeshpan@ford.com,https://cdn.nba.com/headshots/nba/latest/260x190/1630166.png
afoster,Enablement Manager,Alan,Foster,afoster@ford.com,https://cdn.nba.com/headshots/nba/latest/260x190/1629028.png
afoster1,Product Manager,Amy,Foster,afoster1@ford.com,https://cdn.nba.com/headshots/nba/latest/260x190/1628962.png
agupta,Software Engineer,Abhishek,Gupta,agupta@ford.com,https://cdn.nba.com/headshots/nba/latest/260x190/1630641.png
agupta1,Product Designer,Aditya,Gupta,agupta1@ford.com,https://cdn.nba.com/headshots/nba/latest/260x190/1628963.png
agupta2,Go To Market Lead,Anu,Gupta,agupta2@ford.com,https://cdn.nba.com/headshots/nba/latest/260x190/1641735.png
aharris,Product Manager,Addison,Harris,aharris@ford.com,https://cdn.nba.com/headshots/nba/latest/260x190/1631116.png
aharris1,Software Engineer,Alan,Harris,aharris1@ford.com,https://cdn.nba.com/headshots/nba/latest/260x190/1630163.png
aharris2,Anchor,Alice,Harris,aharris2@ford.com,https://cdn.nba.com/headshots/nba/latest/260x190/1628366.png
aharris3,Software Engineer,Alonzo,Harris,aharris3@ford.com,https://cdn.nba.com/headshots/nba/latest/260x190/1628964.png
aharris4,Product Manager,Ava,Harris,aharris4@ford.com,https://cdn.nba.com/headshots/nba/latest/260x190/1631094.png
aharris5,Software Engineer,Avery,Harris,aharris5@ford.com,https://cdn.nba.com/headshots/nba/latest/260x190/1630217.png
ahughes,Anchor,Alice,Hughes,ahughes@ford.com,https://cdn.nba.com/headshots/nba/latest/260x190/1630625.png
aiyer,Software Engineer,Aniket,Iyer,aiyer@ford.com,https://cdn.nba.com/headshots/nba/latest/260x190/1631230.png
ajohnso1,Enablement Manager,Alan,Johnson,ajohnso1@ford.com,https://cdn.nba.com/headshots/nba/latest/260x190/203084.png
ajohnso2,Software Engineer,Alexander,Johnson,ajohnso2@ford.com,https://cdn.nba.com/headshots/nba/latest/260x190/1630567.png
ajohnso3,Anchor,Amelia,Johnson,ajohnso3@ford.com,https://cdn.nba.com/headshots/nba/latest/260x190/1629628.png
ajohnso4,Product Manager,Andrew,Johnson,ajohnso4@ford.com,https://cdn.nba.com/headshots/nba/latest/260x190/1629646.png
ajohnson,Product Manager,Addison,Johnson,ajohnson@ford.com,https://cdn.nba.com/headshots/nba/latest/260x190/1641734.png
ajones,Product Manager,Alexander,Jones,ajones@ford.com,https://cdn.nba.com/headshots/nba/latest/260x190/1628966.png
ajones1,Software Engineer,Alyssa,Jones,ajones1@ford.com,https://cdn.nba.com/headshots/nba/latest/260x190/201587.png
ajones2,Software Engineer,Amelia,Jones,ajones2@ford.com,https://cdn.nba.com/headshots/nba/latest/260x190/1629647.png
ajones3,Product Manager,Anna,Jones,ajones3@ford.com,https://cdn.nba.com/headshots/nba/latest/260x190/203078.png
ajoshi,Go To Market Lead,Amit,Joshi,ajoshi@ford.com,https://cdn.nba.com/headshots/nba/latest/260x190/1627736.png
ajoshi1,Go To Market Lead,Anamika,Joshi,ajoshi1@ford.com,https://cdn.nba.com/headshots/nba/latest/260x190/1630699.png
akapoor,Product Manager,Anand,Kapoor,akapoor@ford.com,https://cdn.nba.com/headshots/nba/latest/260x190/202722.png
akapoor1,Software Engineer,Anita,Kapoor,akapoor1@ford.com,https://cdn.nba.com/headshots/nba/latest/260x190/201976.png
akapoor2,Software Engineer,Anuj,Kapoor,akapoor2@ford.com,https://cdn.nba.com/headshots/nba/latest/260x190/1630180.png
akapoor3,Anchor,Arvind,Kapoor,akapoor3@ford.com,https://cdn.nba.com/headshots/nba/latest/260x190/1641844.png
akhanna,Data Engineer,Ashok,Khanna,akhanna@ford.com,https://cdn.nba.com/headshots/nba/latest/260x190/203920.png
akumar,Software Engineer,Aditi,Kumar,akumar@ford.com,https://cdn.nba.com/headshots/nba/latest/260x190/1629048.png
akumar1,Enablement Manager,Anu,Kumar,akumar1@ford.com,https://cdn.nba.com/headshots/nba/latest/260x190/1641931.png
akumar2,Product Designer,Ashwin,Kumar,akumar2@ford.com,https://cdn.nba.com/headshots/nba/latest/260x190/202687.png
alewis,Data Engineer,Anthony,Lewis,alewis@ford.com,https://cdn.nba.com/headshots/nba/latest/260x190/1641710.png
amalik,Product Designer,Amrit,Malik,amalik@ford.com,https://cdn.nba.com/headshots/nba/latest/260x190/1641778.png
amartin1,Software Engineer,Andrew,Martinez,amartin1@ford.com,https://cdn.nba.com/headshots/nba/latest/260x190/1631205.png
amartin2,Software Engineer,Ava,Martinez,amartin2@ford.com,https://cdn.nba.com/headshots/nba/latest/260x190/203992.png
amartin3,Software Engineer,Avery,Martinez,amartin3@ford.com,https://cdn.nba.com/headshots/nba/latest/260x190/202711.png
amartine,Product Manager,Alexander,Martinez,amartine@ford.com,https://cdn.nba.com/headshots/nba/latest/260x190/1629626.png
amehta,Product Manager,Anupam,Mehta,amehta@ford.com,https://cdn.nba.com/headshots/nba/latest/260x190/1626164.png
amiller,Software Engineer,Abigail,Miller,amiller@ford.com,https://cdn.nba.com/headshots/nba/latest/260x190/1630527.png
amiller1,Software Engineer,Alexander,Miller,amiller1@ford.com,https://cdn.nba.com/headshots/nba/latest/260x190/1628449.png
amiller2,Data Engineer,Allison,Miller,amiller2@ford.com,https://cdn.nba.com/headshots/nba/latest/260x190/1630547.png
amiller3,Product Manager,Andrew,Miller,amiller3@ford.com,https://cdn.nba.com/headshots/nba/latest/260x190/1641859.png
amiller4,Software Engineer,Ava,Miller,amiller4@ford.com,https://cdn.nba.com/headshots/nba/latest/260x190/1631123.png
amishra,Software Engineer,Amit,Mishra,amishra@ford.com,https://cdn.nba.com/headshots/nba/latest/260x190/1631103.png
amurthy,Software Engineer,Adarsh,Murthy,amurthy@ford.com,https://cdn.nba.com/headshots/nba/latest/260x190/1631128.png
anair,Software Engineer,Amrita,Nair,anair@ford.com,https://cdn.nba.com/headshots/nba/latest/260x190/1628969.png
apatel,Anchor,Aanya,Patel,apatel@ford.com,https://cdn.nba.com/headshots/nba/latest/260x190/1628970.png
apatel1,Product Manager,Anand,Patel,apatel1@ford.com,https://cdn.nba.com/headshots/nba/latest/260x190/1629052.png
apatel2,Data Scientist,Arjun,Patel,apatel2@ford.com,https://cdn.nba.com/headshots/nba/latest/260x190/1627763.png
aprice,Software Engineer,Adrian,Price,aprice@ford.com,https://cdn.nba.com/headshots/nba/latest/260x190/1629717.png
arao,Software Engineer,Aniket,Rao,arao@ford.com,https://cdn.nba.com/headshots/nba/latest/260x190/1628415.png
arao1,Data Engineer,Anushka,Rao,arao1@ford.com,https://cdn.nba.com/headshots/nba/latest/260x190/1628971.png
areddy,Software Engineer,Aaradhya,Reddy,areddy@ford.com,https://cdn.nba.com/headshots/nba/latest/260x190/1627759.png
areddy1,Software Engineer,Ananya,Reddy,areddy1@ford.com,https://cdn.nba.com/headshots/nba/latest/260x190/1631112.png
areddy2,Anchor,Anjali,Reddy,areddy2@ford.com,https://cdn.nba.com/headshots/nba/latest/260x190/1641738.png
asaxena,Anchor,Anil,Saxena,asaxena@ford.com,https://cdn.nba.com/headshots/nba/latest/260x190/1630535.png
asaxena1,Product Manager,Asha,Saxena,asaxena1@ford.com,https://cdn.nba.com/headshots/nba/latest/260x190/1628972.png
asharma,Anchor,Abhay,Sharma,asharma@ford.com,https://cdn.nba.com/headshots/nba/latest/260x190/1628973.png
asharma1,Software Engineer,Aryan,Sharma,asharma1@ford.com,https://cdn.nba.com/headshots/nba/latest/260x190/1628418.png
asingh,Software Engineer,Adarsh,Singh,asingh@ford.com,https://cdn.nba.com/headshots/nba/latest/260x190/1641723.png
asingh1,Software Engineer,Aishwarya,Singh,asingh1@ford.com,https://cdn.nba.com/headshots/nba/latest/260x190/203493.png
asinha,Software Engineer,Alok,Sinha,asinha@ford.com,https://cdn.nba.com/headshots/nba/latest/260x190/202692.png
asmith,Anchor,Abraham,Smith,asmith@ford.com,https://cdn.nba.com/headshots/nba/latest/260x190/1630215.png
asmith1,Software Engineer,Addison,Smith,asmith1@ford.com,https://cdn.nba.com/headshots/nba/latest/260x190/202710.png
asmith2,Anchor,Alexander,Smith,asmith2@ford.com,https://cdn.nba.com/headshots/nba/latest/260x190/1631219.png
asmith3,Go To Market Lead,Amanda,Smith,asmith3@ford.com,https://cdn.nba.com/headshots/nba/latest/260x190/1631288.png
asmith4,Data Engineer,Amelia,Smith,asmith4@ford.com,https://cdn.nba.com/headshots/nba/latest/260x190/203484.png
asmith5,Data Scientist,Andrew,Smith,asmith5@ford.com,https://cdn.nba.com/headshots/nba/latest/260x190/1641739.png
asmith6,Go To Market Lead,Arnold,Smith,asmith6@ford.com,https://cdn.nba.com/headshots/nba/latest/260x190/1628427.png
asmith7,Go To Market Lead,Artis,Smith,asmith7@ford.com,https://cdn.nba.com/headshots/nba/latest/260x190/203991.png
asmith8,Software Engineer,Audrey,Smith,asmith8@ford.com,https://cdn.nba.com/headshots/nba/latest/260x190/1628975.png
asmith9,Anchor,Ava,Smith,asmith9@ford.com,https://cdn.nba.com/headshots/nba/latest/260x190/1628976.png
ataylor,Software Engineer,Abigail,Taylor,ataylor@ford.com,https://cdn.nba.com/headshots/nba/latest/260x190/203487.png
ataylor1,Software Engineer,Alexander,Taylor,ataylor1@ford.com,https://cdn.nba.com/headshots/nba/latest/260x190/1627936.png
ataylor2,Software Engineer,Alvin,Taylor,ataylor2@ford.com,https://cdn.nba.com/headshots/nba/latest/260x190/1630658.png
ataylor3,Product Manager,Andrew,Taylor,ataylor3@ford.com,https://cdn.nba.com/headshots/nba/latest/260x190/1630608.png
ataylor4,Anchor,Aubrey,Taylor,ataylor4@ford.com,https://cdn.nba.com/headshots/nba/latest/260x190/1630577.png
ataylor5,Software Engineer,Ava,Taylor,ataylor5@ford.com,https://cdn.nba.com/headshots/nba/latest/260x190/1630551.png
atiwari,Software Engineer,Ashish,Tiwari,atiwari@ford.com,https://cdn.nba.com/headshots/nba/latest/260x190/1631108.png
averma,Anchor,Akshay,Verma,averma@ford.com,https://cdn.nba.com/headshots/nba/latest/260x190/1630528.png
averma1,Software Engineer,Arnav,Verma,averma1@ford.com,https://cdn.nba.com/headshots/nba/latest/260x190/1631321.png
awhite,Software Engineer,Andrew,White,awhite@ford.com,https://cdn.nba.com/headshots/nba/latest/260x190/1641740.png
awilson,Software Engineer,Alexander,Wilson,awilson@ford.com,https://cdn.nba.com/headshots/nba/latest/260x190/1629634.png
awright,Software Engineer,Alice,Wright,awright@ford.com,https://cdn.nba.com/headshots/nba/latest/260x190/203903.png
banders1,Software Engineer,Bruce,Anderson,banders1@ford.com,https://cdn.nba.com/headshots/nba/latest/260x190/1629651.png
banderso,Anchor,Benjamin,Anderson,banderso@ford.com,https://cdn.nba.com/headshots/nba/latest/260x190/1641730.png
bbrown,Product Manager,Benjamin,Brown,bbrown@ford.com,https://cdn.nba.com/headshots/nba/latest/260x190/1629599.png
bbrown1,Data Engineer,Bruce,Brown,bbrown1@ford.com,https://cdn.nba.com/headshots/nba/latest/260x190/1628381.png
bdavis,Software Engineer,Barry,Davis,bdavis@ford.com,https://cdn.nba.com/headshots/nba/latest/260x190/1628380.png
bdavis1,Data Scientist,Benjamin,Davis,bdavis1@ford.com,https://cdn.nba.com/headshots/nba/latest/260x190/201144.png
bdavis2,Product Manager,Brooklyn,Davis,bdavis2@ford.com,https://cdn.nba.com/headshots/nba/latest/260x190/1626192.png
bharris,Data Scientist,Benjamin,Harris,bharris@ford.com,https://cdn.nba.com/headshots/nba/latest/260x190/1641645.png
bharris1,Product Designer,Brian,Harris,bharris1@ford.com,https://cdn.nba.com/headshots/nba/latest/260x190/1641731.png
bharris2,Software Engineer,Brooklyn,Harris,bharris2@ford.com,https://cdn.nba.com/headshots/nba/latest/260x190/1641741.png
bjohnso1,Product Manager,Bruce,Johnson,bjohnso1@ford.com,https://cdn.nba.com/headshots/nba/latest/260x190/203496.png
bjohnson,Product Manager,Benjamin,Johnson,bjohnson@ford.com,https://cdn.nba.com/headshots/nba/latest/260x190/1628470.png
bjones,Software Engineer,Bella,Jones,bjones@ford.com,https://cdn.nba.com/headshots/nba/latest/260x190/203109.png
bjones1,Data Scientist,Benjamin,Jones,bjones1@ford.com,https://cdn.nba.com/headshots/nba/latest/260x190/1630595.png
bmartine,Data Engineer,Benjamin,Martinez,bmartine@ford.com,https://cdn.nba.com/headshots/nba/latest/260x190/203552.png
bmiller,Enablement Manager,Benjamin,Miller,bmiller@ford.com,https://cdn.nba.com/headshots/nba/latest/260x190/201939.png
bmurphy,Data Engineer,Brian,Murphy,bmurphy@ford.com,https://cdn.nba.com/headshots/nba/latest/260x190/1641915.png
bsingh,Software Engineer,Bhavana,Singh,bsingh@ford.com,https://cdn.nba.com/headshots/nba/latest/260x190/1630700.png
bsmith,Anchor,Benjamin,Smith,bsmith@ford.com,https://cdn.nba.com/headshots/nba/latest/260x190/203076.png
bsmith1,Data Scientist,Brooklyn,Smith,bsmith1@ford.com,https://cdn.nba.com/headshots/nba/latest/260x190/1631098.png
btaylor,Software Engineer,Benjamin,Taylor,btaylor@ford.com,https://cdn.nba.com/headshots/nba/latest/260x190/1631120.png
btaylor1,Data Scientist,Brian,Taylor,btaylor1@ford.com,https://cdn.nba.com/headshots/nba/latest/260x190/1630620.png
btaylor2,Software Engineer,Brianna,Taylor,btaylor2@ford.com,https://cdn.nba.com/headshots/nba/latest/260x190/201942.png
bwilson,Enablement Manager,Bartholemew,Wilson,bwilson@ford.com,https://cdn.nba.com/headshots/nba/latest/260x190/203473.png
bwilson1,Software Engineer,Benjamin,Wilson,bwilson1@ford.com,https://cdn.nba.com/headshots/nba/latest/260x190/1628978.png
bwright,Product Designer,Benjamin,Wright,bwright@ford.com,https://cdn.nba.com/headshots/nba/latest/260x190/1631217.png
cagrawal,Product Manager,Chetan,Agrawal,cagrawal@ford.com,https://cdn.nba.com/headshots/nba/latest/260x190/1629603.png
callen,Product Manager,Chloe,Allen,callen@ford.com,https://cdn.nba.com/headshots/nba/latest/260x190/1641711.png
canders1,Software Engineer,Chloe,Anderson,canders1@ford.com,https://cdn.nba.com/headshots/nba/latest/260x190/1631172.png
canderso,Software Engineer,Caleb,Anderson,canderso@ford.com,https://cdn.nba.com/headshots/nba/latest/260x190/203915.png
cbennett,Data Engineer,Colin,Bennett,cbennett@ford.com,https://cdn.nba.com/headshots/nba/latest/260x190/1629029.png
cbrown,Software Engineer,Camila,Brown,cbrown@ford.com,https://cdn.nba.com/headshots/nba/latest/260x190/1629652.png
cclark,Go To Market Lead,Christopher,Clark,cclark@ford.com,https://cdn.nba.com/headshots/nba/latest/260x190/1630245.png
ccook,Anchor,Caroline,Cook,ccook@ford.com,https://cdn.nba.com/headshots/nba/latest/260x190/1630288.png
cdavis,Software Engineer,Charlotte,Davis,cdavis@ford.com,https://cdn.nba.com/headshots/nba/latest/260x190/201609.png
cdavis1,Product Manager,Chester,Davis,cdavis1@ford.com,https://cdn.nba.com/headshots/nba/latest/260x190/203083.png
charris,Anchor,Caleb,Harris,charris@ford.com,https://cdn.nba.com/headshots/nba/latest/260x190/1630537.png
charris1,Anchor,Charlotte,Harris,charris1@ford.com,https://cdn.nba.com/headshots/nba/latest/260x190/1627739.png
charris2,Software Engineer,Chloe,Harris,charris2@ford.com,https://cdn.nba.com/headshots/nba/latest/260x190/201142.png
charris3,Software Engineer,Christopher,Harris,charris3@ford.com,https://cdn.nba.com/headshots/nba/latest/260x190/1631105.png
cjohnso1,Product Manager,Charlotte,Johnson,cjohnso1@ford.com,https://cdn.nba.com/headshots/nba/latest/260x190/1631106.png
cjohnso2,Software Engineer,Christopher,Johnson,cjohnso2@ford.com,https://cdn.nba.com/headshots/nba/latest/260x190/1630162.png
cjohnson,Go To Market Lead,Caleb,Johnson,cjohnson@ford.com,https://cdn.nba.com/headshots/nba/latest/260x190/1630556.png
cjones,Anchor,Caleb,Jones,cjones@ford.com,https://cdn.nba.com/headshots/nba/latest/260x190/1631165.png
ckapoor,Software Engineer,Charul,Kapoor,ckapoor@ford.com,https://cdn.nba.com/headshots/nba/latest/260x190/203954.png
cmalhotr,Software Engineer,Charu,Malhotra,cmalhotr@ford.com,https://cdn.nba.com/headshots/nba/latest/260x190/1629234.png
cmartine,Product Manager,Caleb,Martinez,cmartine@ford.com,https://cdn.nba.com/headshots/nba/latest/260x190/1641787.png
cmiller,Product Manager,Caleb,Miller,cmiller@ford.com,https://cdn.nba.com/headshots/nba/latest/260x190/203957.png
cmiller1,Product Designer,Charles,Miller,cmiller1@ford.com,https://cdn.nba.com/headshots/nba/latest/260x190/1628981.png
cmiller2,Software Engineer,Claire,Miller,cmiller2@ford.com,https://cdn.nba.com/headshots/nba/latest/260x190/1627827.png
cmurphy,Software Engineer,Catherine,Murphy,cmurphy@ford.com,https://cdn.nba.com/headshots/nba/latest/260x190/1630201.png
csmith,Product Manager,Caleb,Smith,csmith@ford.com,https://cdn.nba.com/headshots/nba/latest/260x190/1631323.png
csmith1,Enablement Manager,Charlotte,Smith,csmith1@ford.com,https://cdn.nba.com/headshots/nba/latest/260x190/1630235.png
csmith2,Enablement Manager,Cheryl,Smith,csmith2@ford.com,https://cdn.nba.com/headshots/nba/latest/260x190/203095.png
csmith3,Software Engineer,Chloe,Smith,csmith3@ford.com,https://cdn.nba.com/headshots/nba/latest/260x190/1628368.png
csmith4,Software Engineer,Clara,Smith,csmith4@ford.com,https://cdn.nba.com/headshots/nba/latest/260x190/1641848.png
ctaylor,Anchor,Charles,Taylor,ctaylor@ford.com,https://cdn.nba.com/headshots/nba/latest/260x190/1631241.png
ctaylor1,Product Manager,Charlotte,Taylor,ctaylor1@ford.com,https://cdn.nba.com/headshots/nba/latest/260x190/1641788.png
ctaylor2,Product Manager,Chloe,Taylor,ctaylor2@ford.com,https://cdn.nba.com/headshots/nba/latest/260x190/1628365.png
cward,Product Manager,Charles,Ward,cward@ford.com,https://cdn.nba.com/headshots/nba/latest/260x190/1641847.png
cwillia1,Software Engineer,Chloe,Williams,cwillia1@ford.com,https://cdn.nba.com/headshots/nba/latest/260x190/1629117.png
cwilliam,Go To Market Lead,Charlotte,Williams,cwilliam@ford.com,https://cdn.nba.com/headshots/nba/latest/260x190/1629655.png
cwilson,Software Engineer,Caleb,Wilson,cwilson@ford.com,https://cdn.nba.com/headshots/nba/latest/260x190/201568.png
cwilson1,Software Engineer,Chloe,Wilson,cwilson1@ford.com,https://cdn.nba.com/headshots/nba/latest/260x190/1629636.png
danders1,Go To Market Lead,David,Anderson,danders1@ford.com,https://cdn.nba.com/headshots/nba/latest/260x190/1630586.png
danders2,Product Manager,Dennis,Anderson,danders2@ford.com,https://cdn.nba.com/headshots/nba/latest/260x190/1630568.png
danderso,Product Designer,Daniel,Anderson,danderso@ford.com,https://cdn.nba.com/headshots/nba/latest/260x190/1641718.png
dbajaj,Software Engineer,Deepak,Bajaj,dbajaj@ford.com,https://cdn.nba.com/headshots/nba/latest/260x190/202331.png
dbhatia,Software Engineer,Dhruv,Bhatia,dbhatia@ford.com,https://cdn.nba.com/headshots/nba/latest/260x190/201959.png
dbrown,Software Engineer,Daniel,Brown,dbrown@ford.com,https://cdn.nba.com/headshots/nba/latest/260x190/1630581.png
dbrown1,Software Engineer,Dashiell,Brown,dbrown1@ford.com,https://cdn.nba.com/headshots/nba/latest/260x190/1628983.png
dbrown2,Software Engineer,David,Brown,dbrown2@ford.com,https://cdn.nba.com/headshots/nba/latest/260x190/1630264.png
ddavis,Software Engineer,David,Davis,ddavis@ford.com,https://cdn.nba.com/headshots/nba/latest/260x190/1631221.png
dfoster,Anchor,Duncan,Foster,dfoster@ford.com,https://cdn.nba.com/headshots/nba/latest/260x190/1631367.png
dharris,Software Engineer,Daniel,Harris,dharris@ford.com,https://cdn.nba.com/headshots/nba/latest/260x190/203497.png
dharris1,Product Manager,Darrell,Harris,dharris1@ford.com,https://cdn.nba.com/headshots/nba/latest/260x190/1630692.png
dharris2,Data Engineer,David,Harris,dharris2@ford.com,https://cdn.nba.com/headshots/nba/latest/260x190/203932.png
diyer,Anchor,Deepika,Iyer,diyer@ford.com,https://cdn.nba.com/headshots/nba/latest/260x190/201569.png
djohnso1,Data Engineer,David,Johnson,djohnso1@ford.com,https://cdn.nba.com/headshots/nba/latest/260x190/1641789.png
djohnson,Product Manager,Daniel,Johnson,djohnson@ford.com,https://cdn.nba.com/headshots/nba/latest/260x190/1628984.png
djones,Enablement Manager,Daniel,Jones,djones@ford.com,https://cdn.nba.com/headshots/nba/latest/260x190/203924.png
djones1,Software Engineer,Darrell,Jones,djones1@ford.com,https://cdn.nba.com/headshots/nba/latest/260x190/1631260.png
djones2,Software Engineer,David,Jones,djones2@ford.com,https://cdn.nba.com/headshots/nba/latest/260x190/201980.png
dmalhotr,Product Manager,Deepak,Malhotra,dmalhotr@ford.com,https://cdn.nba.com/headshots/nba/latest/260x190/203110.png
dmartin1,Software Engineer,David,Martinez,dmartin1@ford.com,https://cdn.nba.com/headshots/nba/latest/260x190/203210.png
dmartine,Anchor,Daniel,Martinez,dmartine@ford.com,https://cdn.nba.com/headshots/nba/latest/260x190/1630224.png
dmiller,Software Engineer,Daniel,Miller,dmiller@ford.com,https://cdn.nba.com/headshots/nba/latest/260x190/1629750.png
dmiller1,Software Engineer,David,Miller,dmiller1@ford.com,https://cdn.nba.com/headshots/nba/latest/260x190/201145.png
dnair,Software Engineer,Devraj,Nair,dnair@ford.com,https://cdn.nba.com/headshots/nba/latest/260x190/1630182.png
dsingh,Software Engineer,Disha,Singh,dsingh@ford.com,https://cdn.nba.com/headshots/nba/latest/260x190/1631100.png
dsmith,Anchor,Daisy,Smith,dsmith@ford.com,https://cdn.nba.com/headshots/nba/latest/260x190/201933.png
dsmith1,Product Manager,Dallas,Smith,dsmith1@ford.com,https://cdn.nba.com/headshots/nba/latest/260x190/1629656.png
dsmith2,Software Engineer,Daniel,Smith,dsmith2@ford.com,https://cdn.nba.com/headshots/nba/latest/260x190/1631338.png
dsmith3,Data Scientist,Darrell,Smith,dsmith3@ford.com,https://cdn.nba.com/headshots/nba/latest/260x190/1631243.png
dsmith4,Product Manager,David,Smith,dsmith4@ford.com,https://cdn.nba.com/headshots/nba/latest/260x190/1629060.png
dsmith5,Anchor,Donald,Smith,dsmith5@ford.com,https://cdn.nba.com/headshots/nba/latest/260x190/1630169.png
dtaylor,Anchor,Daniel,Taylor,dtaylor@ford.com,https://cdn.nba.com/headshots/nba/latest/260x190/203501.png
dtaylor1,Anchor,Darrell,Taylor,dtaylor1@ford.com,https://cdn.nba.com/headshots/nba/latest/260x190/201935.png
dtaylor2,Data Scientist,David,Taylor,dtaylor2@ford.com,https://cdn.nba.com/headshots/nba/latest/260x190/1630702.png
dtaylor3,Anchor,Dwayne,Taylor,dtaylor3@ford.com,https://cdn.nba.com/headshots/nba/latest/260x190/1631199.png
dverma,Data Scientist,Devendra,Verma,dverma@ford.com,https://cdn.nba.com/headshots/nba/latest/260x190/1626149.png
dverma1,Software Engineer,Divya,Verma,dverma1@ford.com,https://cdn.nba.com/headshots/nba/latest/260x190/203914.png
dyoung,Software Engineer,Dominic,Young,dyoung@ford.com,https://cdn.nba.com/headshots/nba/latest/260x190/203925.png
eanders1,Software Engineer,Emma,Anderson,eanders1@ford.com,https://cdn.nba.com/headshots/nba/latest/260x190/1630284.png
eanders2,Go To Market Lead,Erica,Anderson,eanders2@ford.com,https://cdn.nba.com/headshots/nba/latest/260x190/202699.png
eanders3,Go To Market Lead,Ethan,Anderson,eanders3@ford.com,https://cdn.nba.com/headshots/nba/latest/260x190/1628404.png
eanderso,Software Engineer,Emily,Anderson,eanderso@ford.com,https://cdn.nba.com/headshots/nba/latest/260x190/1628392.png
ebell,Anchor,Eleanor,Bell,ebell@ford.com,https://cdn.nba.com/headshots/nba/latest/260x190/2617.png
ebrooks,Product Manager,Emily,Brooks,ebrooks@ford.com,https://cdn.nba.com/headshots/nba/latest/260x190/1641792.png
ebrown,Go To Market Lead,Eleanor,Brown,ebrown@ford.com,https://cdn.nba.com/headshots/nba/latest/260x190/1630573.png
ebrown1,Anchor,Emma,Brown,ebrown1@ford.com,https://cdn.nba.com/headshots/nba/latest/260x190/1641722.png
eclark,Software Engineer,Emma,Clark,eclark@ford.com,https://cdn.nba.com/headshots/nba/latest/260x190/1629637.png
edavis,Software Engineer,Edward,Davis,edavis@ford.com,https://cdn.nba.com/headshots/nba/latest/260x190/1630165.png
edavis1,Data Scientist,Elizabeth,Davis,edavis1@ford.com,https://cdn.nba.com/headshots/nba/latest/260x190/202330.png
edavis2,Software Engineer,Ellie,Davis,edavis2@ford.com,https://cdn.nba.com/headshots/nba/latest/260x190/1630703.png
edavis3,Software Engineer,Ethan,Davis,edavis3@ford.com,https://cdn.nba.com/headshots/nba/latest/260x190/1641707.png
efoster,Go To Market Lead,Edward,Foster,efoster@ford.com,https://cdn.nba.com/headshots/nba/latest/260x190/1626195.png
eharris,Anchor,Eileen,Harris,eharris@ford.com,https://cdn.nba.com/headshots/nba/latest/260x190/1629639.png
eharris1,Software Engineer,Ellie,Harris,eharris1@ford.com,https://cdn.nba.com/headshots/nba/latest/260x190/1627741.png
eharris2,Software Engineer,Emily,Harris,eharris2@ford.com,https://cdn.nba.com/headshots/nba/latest/260x190/1629312.png
eharris3,Data Scientist,Ethan,Harris,eharris3@ford.com,https://cdn.nba.com/headshots/nba/latest/260x190/1630207.png
ejohnso1,Go To Market Lead,Emma,Johnson,ejohnso1@ford.com,https://cdn.nba.com/headshots/nba/latest/260x190/1641793.png
ejohnso2,Product Designer,Ethan,Johnson,ejohnso2@ford.com,https://cdn.nba.com/headshots/nba/latest/260x190/1628988.png
ejohnson,Product Manager,Elizabeth,Johnson,ejohnson@ford.com,https://cdn.nba.com/headshots/nba/latest/260x190/201950.png
ejones,Product Manager,Edward,Jones,ejones@ford.com,https://cdn.nba.com/headshots/nba/latest/260x190/203200.png
eking,Software Engineer,Eleanor,King,eking@ford.com,https://cdn.nba.com/headshots/nba/latest/260x190/1626158.png
emartin1,Software Engineer,Eleanor,Martinez,emartin1@ford.com,https://cdn.nba.com/headshots/nba/latest/260x190/1631096.png
emartin2,Software Engineer,Ellie,Martinez,emartin2@ford.com,https://cdn.nba.com/headshots/nba/latest/260x190/1641720.png
emartin3,Software Engineer,Ethan,Martinez,emartin3@ford.com,https://cdn.nba.com/headshots/nba/latest/260x190/201143.png
emartine,Software Engineer,Eduardo,Martinez,emartine@ford.com,https://cdn.nba.com/headshots/nba/latest/260x190/1629659.png
emiller,Data Scientist,Edith,Miller,emiller@ford.com,https://cdn.nba.com/headshots/nba/latest/260x190/1627863.png
emiller1,Anchor,Eileen,Miller,emiller1@ford.com,https://cdn.nba.com/headshots/nba/latest/260x190/1631216.png
emiller2,Software Engineer,Eleanor,Miller,emiller2@ford.com,https://cdn.nba.com/headshots/nba/latest/260x190/1641724.png
emiller3,Product Manager,Elizabeth,Miller,emiller3@ford.com,https://cdn.nba.com/headshots/nba/latest/260x190/1631309.png
emiller4,Software Engineer,Emily,Miller,emiller4@ford.com,https://cdn.nba.com/headshots/nba/latest/260x190/1628989.png
emiller5,Software Engineer,Emma,Miller,emiller5@ford.com,https://cdn.nba.com/headshots/nba/latest/260x190/1630643.png
emiller6,Data Engineer,Ethan,Miller,emiller6@ford.com,https://cdn.nba.com/headshots/nba/latest/260x190/1629631.png
ephillip,Data Engineer,Emma,Phillips,ephillip@ford.com,https://cdn.nba.com/headshots/nba/latest/260x190/1630538.png
esmith,Software Engineer,Elizabeth,Smith,esmith@ford.com,https://cdn.nba.com/headshots/nba/latest/260x190/2738.png
esmith1,Software Engineer,Ellie,Smith,esmith1@ford.com,https://cdn.nba.com/headshots/nba/latest/260x190/204060.png
esmith2,Data Engineer,Emily,Smith,esmith2@ford.com,https://cdn.nba.com/headshots/nba/latest/260x190/1627742.png
esmith3,Data Scientist,Ethan,Smith,esmith3@ford.com,https://cdn.nba.com/headshots/nba/latest/260x190/202681.png
esmith4,Software Engineer,Ezekiel,Smith,esmith4@ford.com,https://cdn.nba.com/headshots/nba/latest/260x190/1628371.png
etaylor,Anchor,Eleanor,Taylor,etaylor@ford.com,https://cdn.nba.com/headshots/nba/latest/260x190/1631093.png
etaylor1,Anchor,Elizabeth,Taylor,etaylor1@ford.com,https://cdn.nba.com/headshots/nba/latest/260x190/1630543.png
etaylor2,Software Engineer,Ella,Taylor,etaylor2@ford.com,https://cdn.nba.com/headshots/nba/latest/260x190/202704.png
etaylor3,Software Engineer,Ellie,Taylor,etaylor3@ford.com,https://cdn.nba.com/headshots/nba/latest/260x190/1641713.png
etaylor4,Software Engineer,Emily,Taylor,etaylor4@ford.com,https://cdn.nba.com/headshots/nba/latest/260x190/1641748.png
etaylor5,Product Designer,Ethan,Taylor,etaylor5@ford.com,https://cdn.nba.com/headshots/nba/latest/260x190/1628991.png
etaylor6,Software Engineer,Evita,Taylor,etaylor6@ford.com,https://cdn.nba.com/headshots/nba/latest/260x190/1631218.png
ewalker,Go To Market Lead,Elizabeth,Walker,ewalker@ford.com,https://cdn.nba.com/headshots/nba/latest/260x190/2544.png
ewilliam,Software Engineer,Elijah,Williams,ewilliam@ford.com,https://cdn.nba.com/headshots/nba/latest/260x190/1631170.png
ewilson,Software Engineer,Eleanor,Wilson,ewilson@ford.com,https://cdn.nba.com/headshots/nba/latest/260x190/1629610.png
ewilson1,Product Manager,Elizabeth,Wilson,ewilson1@ford.com,https://cdn.nba.com/headshots/nba/latest/260x190/1629660.png
ewilson2,Anchor,Emily,Wilson,ewilson2@ford.com,https://cdn.nba.com/headshots/nba/latest/260x190/1630198.png
ewilson3,Anchor,Ethan,Wilson,ewilson3@ford.com,https://cdn.nba.com/headshots/nba/latest/260x190/1629661.png
ewilson4,Data Scientist,Evelyn,Wilson,ewilson4@ford.com,https://cdn.nba.com/headshots/nba/latest/260x190/1630552.png
ewilson5,Software Engineer,Ezekiel,Wilson,ewilson5@ford.com,https://cdn.nba.com/headshots/nba/latest/260x190/201949.png
ganders1,Software Engineer,Grace,Anderson,ganders1@ford.com,https://cdn.nba.com/headshots/nba/latest/260x190/1629640.png
ganderso,Go To Market Lead,Gina,Anderson,ganderso@ford.com,https://cdn.nba.com/headshots/nba/latest/260x190/1630553.png
gcook,Software Engineer,Gary,Cook,gcook@ford.com,https://cdn.nba.com/headshots/nba/latest/260x190/1641749.png
gdavis,Go To Market Lead,Grace,Davis,gdavis@ford.com,https://cdn.nba.com/headshots/nba/latest/260x190/203999.png
gdesai,Software Engineer,Gaurav,Desai,gdesai@ford.com,https://cdn.nba.com/headshots/nba/latest/260x190/1630637.png
ggupta,Data Scientist,Geeta,Gupta,ggupta@ford.com,https://cdn.nba.com/headshots/nba/latest/260x190/1641732.png
gharris,Software Engineer,Gabrielle,Harris,gharris@ford.com,https://cdn.nba.com/headshots/nba/latest/260x190/1627745.png
gharris1,Product Designer,Geoffrey,Harris,gharris1@ford.com,https://cdn.nba.com/headshots/nba/latest/260x190/1630529.png
gharris2,Data Engineer,Grace,Harris,gharris2@ford.com,https://cdn.nba.com/headshots/nba/latest/260x190/1630539.png
giyer,Software Engineer,Geeta,Iyer,giyer@ford.com,https://cdn.nba.com/headshots/nba/latest/260x190/1630200.png
giyer1,Product Manager,Girish,Iyer,giyer1@ford.com,https://cdn.nba.com/headshots/nba/latest/260x190/1626145.png
gjohnson,Go To Market Lead,Glenn,Johnson,gjohnson@ford.com,https://cdn.nba.com/headshots/nba/latest/260x190/1627884.png
gmartin,Product Manager,Grace,Martin,gmartin@ford.com,https://cdn.nba.com/headshots/nba/latest/260x190/201599.png
gmartin1,Data Engineer,Graciella,Martinez,gmartin1@ford.com,https://cdn.nba.com/headshots/nba/latest/260x190/202709.png
gmartine,Software Engineer,Gabriella,Martinez,gmartine@ford.com,https://cdn.nba.com/headshots/nba/latest/260x190/1631107.png
gmiller,Software Engineer,Grace,Miller,gmiller@ford.com,https://cdn.nba.com/headshots/nba/latest/260x190/1630548.png
gmitchel,Anchor,Gemma,Mitchell,gmitchel@ford.com,https://cdn.nba.com/headshots/nba/latest/260x190/1629662.png
gmoore,Anchor,Gareth,Moore,gmoore@ford.com,https://cdn.nba.com/headshots/nba/latest/260x190/1628379.png
gpatel,Software Engineer,Gayatri,Patel,gpatel@ford.com,https://cdn.nba.com/headshots/nba/latest/260x190/1631117.png
gsmith,Go To Market Lead,Gabriella,Smith,gsmith@ford.com,https://cdn.nba.com/headshots/nba/latest/260x190/1630296.png
gsmith1,Product Designer,Gabrielle,Smith,gsmith1@ford.com,https://cdn.nba.com/headshots/nba/latest/260x190/1629663.png
gsmith2,Product Designer,Grace,Smith,gsmith2@ford.com,https://cdn.nba.com/headshots/nba/latest/260x190/1631340.png
gtaylor,Software Engineer,Gabriel,Taylor,gtaylor@ford.com,https://cdn.nba.com/headshots/nba/latest/260x190/1630557.png
gtaylor1,Product Manager,Grace,Taylor,gtaylor1@ford.com,https://cdn.nba.com/headshots/nba/latest/260x190/1628467.png
gtaylor2,Anchor,Guiellermo,Taylor,gtaylor2@ford.com,https://cdn.nba.com/headshots/nba/latest/260x190/1630233.png
gwilliam,Software Engineer,Genesis,Williams,gwilliam@ford.com,https://cdn.nba.com/headshots/nba/latest/260x190/1628995.png
gwilson,Software Engineer,George,Wilson,gwilson@ford.com,https://cdn.nba.com/headshots/nba/latest/260x190/1631132.png
gwilson1,Data Scientist,Gordon,Wilson,gwilson1@ford.com,https://cdn.nba.com/headshots/nba/latest/260x190/1629723.png
gwilson2,Go To Market Lead,Grace,Wilson,gwilson2@ford.com,https://cdn.nba.com/headshots/nba/latest/260x190/1627788.png
handers1,Anchor,Hannah,Anderson,handers1@ford.com,https://cdn.nba.com/headshots/nba/latest/260x190/1628436.png
handers2,Product Designer,Harper,Anderson,handers2@ford.com,https://cdn.nba.com/headshots/nba/latest/260x190/1630228.png
handers3,Product Manager,Heather,Anderson,handers3@ford.com,https://cdn.nba.com/headshots/nba/latest/260x190/1628398.png
handerso,Software Engineer,Hallie,Anderson,handerso@ford.com,https://cdn.nba.com/headshots/nba/latest/260x190/1631222.png
hbrown,Data Engineer,Hannah,Brown,hbrown@ford.com,https://cdn.nba.com/headshots/nba/latest/260x190/203897.png
hdavis,Software Engineer,Harper,Davis,hdavis@ford.com,https://cdn.nba.com/headshots/nba/latest/260x190/1630237.png
hharris,Software Engineer,Harper,Harris,hharris@ford.com,https://cdn.nba.com/headshots/nba/latest/260x190/1629111.png
hjohnso1,Software Engineer,Harper,Johnson,hjohnso1@ford.com,https://cdn.nba.com/headshots/nba/latest/260x190/1630639.png
hjohnso2,Software Engineer,Henry,Johnson,hjohnso2@ford.com,https://cdn.nba.com/headshots/nba/latest/260x190/1627747.png
hjohnson,Product Manager,Hannah,Johnson,hjohnson@ford.com,https://cdn.nba.com/headshots/nba/latest/260x190/1627814.png
hjones,Product Manager,Hank,Jones,hjones@ford.com,https://cdn.nba.com/headshots/nba/latest/260x190/1630240.png
hjones1,Go To Market Lead,Henry,Jones,hjones1@ford.com,https://cdn.nba.com/headshots/nba/latest/260x190/203458.png
hmartin1,Product Manager,Harper,Martinez,hmartin1@ford.com,https://cdn.nba.com/headshots/nba/latest/260x190/202695.png
hmartin2,Software Engineer,Hazel,Martinez,hmartin2@ford.com,https://cdn.nba.com/headshots/nba/latest/260x190/203086.png
hmartin3,Product Designer,Henry,Martinez,hmartin3@ford.com,https://cdn.nba.com/headshots/nba/latest/260x190/1631171.png
hmartine,Go To Market Lead,Hannah,Martinez,hmartine@ford.com,https://cdn.nba.com/headshots/nba/latest/260x190/1641721.png
hmiller,Anchor,Henry,Miller,hmiller@ford.com,https://cdn.nba.com/headshots/nba/latest/260x190/1630184.png
hnair,Anchor,Harish,Nair,hnair@ford.com,https://cdn.nba.com/headshots/nba/latest/260x190/1630604.png
hparker,Software Engineer,Hannah,Parker,hparker@ford.com,https://cdn.nba.com/headshots/nba/latest/260x190/203081.png
hpatel,Product Manager,Himanshu,Patel,hpatel@ford.com,https://cdn.nba.com/headshots/nba/latest/260x190/1629642.png
hpillai,Anchor,Harish,Pillai,hpillai@ford.com,https://cdn.nba.com/headshots/nba/latest/260x190/1641726.png
hsharma,Go To Market Lead,Harish,Sharma,hsharma@ford.com,https://cdn.nba.com/headshots/nba/latest/260x190/1630587.png
hsmith,Software Engineer,Hadley,Smith,hsmith@ford.com,https://cdn.nba.com/headshots/nba/latest/260x190/1641753.png
hsmith1,Software Engineer,Hannah,Smith,hsmith1@ford.com,https://cdn.nba.com/headshots/nba/latest/260x190/1631254.png
hsmith2,Software Engineer,Harrold,Smith,hsmith2@ford.com,https://cdn.nba.com/headshots/nba/latest/260x190/1626172.png
hsmith3,Software Engineer,Hazel,Smith,hsmith3@ford.com,https://cdn.nba.com/headshots/nba/latest/260x190/201572.png
hsmith4,Product Manager,Heidi,Smith,hsmith4@ford.com,https://cdn.nba.com/headshots/nba/latest/260x190/201577.png
hsmith5,Anchor,Henry,Smith,hsmith5@ford.com,https://cdn.nba.com/headshots/nba/latest/260x190/201567.png
htaylor,Anchor,Hailey,Taylor,htaylor@ford.com,https://cdn.nba.com/headshots/nba/latest/260x190/200768.png
htaylor1,Product Designer,Harper,Taylor,htaylor1@ford.com,https://cdn.nba.com/headshots/nba/latest/260x190/1641754.png
htaylor2,Go To Market Lead,Henry,Taylor,htaylor2@ford.com,https://cdn.nba.com/headshots/nba/latest/260x190/1626168.png
hwilson,Data Scientist,Harper,Wilson,hwilson@ford.com,https://cdn.nba.com/headshots/nba/latest/260x190/1630177.png
ianderso,Go To Market Lead,Isabella,Anderson,ianderso@ford.com,https://cdn.nba.com/headshots/nba/latest/260x190/1630572.png
ibrown,Product Manager,Isabella,Brown,ibrown@ford.com,https://cdn.nba.com/headshots/nba/latest/260x190/1629611.png
iharris,Software Engineer,Isaac,Harris,iharris@ford.com,https://cdn.nba.com/headshots/nba/latest/260x190/1630544.png
iharris1,Product Manager,Isabella,Harris,iharris1@ford.com,https://cdn.nba.com/headshots/nba/latest/260x190/1628374.png
iharris2,Software Engineer,Isaiah,Harris,iharris2@ford.com,https://cdn.nba.com/headshots/nba/latest/260x190/1630230.png
ijohnson,Software Engineer,Isabella,Johnson,ijohnson@ford.com,https://cdn.nba.com/headshots/nba/latest/260x190/1628997.png
imartine,Go To Market Lead,Isabella,Martinez,imartine@ford.com,https://cdn.nba.com/headshots/nba/latest/260x190/1628998.png
ireddy,Anchor,Ishita,Reddy,ireddy@ford.com,https://cdn.nba.com/headshots/nba/latest/260x190/1641798.png
ismith,Software Engineer,Isabella,Smith,ismith@ford.com,https://cdn.nba.com/headshots/nba/latest/260x190/1630231.png
ithakur,Software Engineer,Indira,Thakur,ithakur@ford.com,https://cdn.nba.com/headshots/nba/latest/260x190/1629726.png
iwood,Anchor,Ian,Wood,iwood@ford.com,https://cdn.nba.com/headshots/nba/latest/260x190/1631097.png
janders1,Product Manager,John,Anderson,janders1@ford.com,https://cdn.nba.com/headshots/nba/latest/260x190/202083.png
janderso,Product Designer,Jack,Anderson,janderso@ford.com,https://cdn.nba.com/headshots/nba/latest/260x190/1630178.png
jbaker,Product Manager,Jennifer,Baker,jbaker@ford.com,https://cdn.nba.com/headshots/nba/latest/260x190/1630571.png
jbrown,Software Engineer,Jack,Brown,jbrown@ford.com,https://cdn.nba.com/headshots/nba/latest/260x190/1630540.png
jbrown1,Software Engineer,John,Brown,jbrown1@ford.com,https://cdn.nba.com/headshots/nba/latest/260x190/1630644.png
jbrown2,Data Scientist,Joseph,Brown,jbrown2@ford.com,https://cdn.nba.com/headshots/nba/latest/260x190/203468.png
jchoudha,Data Engineer,Jayant,Choudhary,jchoudha@ford.com,https://cdn.nba.com/headshots/nba/latest/260x190/204456.png
jdavis,Software Engineer,Jack,Davis,jdavis@ford.com,https://cdn.nba.com/headshots/nba/latest/260x190/1630183.png
jdavis1,Product Manager,James,Davis,jdavis1@ford.com,https://cdn.nba.com/headshots/nba/latest/260x190/1629667.png
jdavis2,Software Engineer,Jeffrey,Davis,jdavis2@ford.com,https://cdn.nba.com/headshots/nba/latest/260x190/203926.png
jdavis3,Data Engineer,Joseph,Davis,jdavis3@ford.com,https://cdn.nba.com/headshots/nba/latest/260x190/201580.png
jgray,Product Designer,Jeremy,Gray,jgray@ford.com,https://cdn.nba.com/headshots/nba/latest/260x190/1631121.png
jharris,Go To Market Lead,Jack,Harris,jharris@ford.com,https://cdn.nba.com/headshots/nba/latest/260x190/1629162.png
jharris1,Enablement Manager,James,Harris,jharris1@ford.com,https://cdn.nba.com/headshots/nba/latest/260x190/1629001.png
jharris2,Software Engineer,Jeremy,Harris,jharris2@ford.com,https://cdn.nba.com/headshots/nba/latest/260x190/1630241.png
jharris3,Software Engineer,Job,Harris,jharris3@ford.com,https://cdn.nba.com/headshots/nba/latest/260x190/1629002.png
jharris4,Software Engineer,Joseph,Harris,jharris4@ford.com,https://cdn.nba.com/headshots/nba/latest/260x190/203995.png
jjohnso1,Data Engineer,Jacques,Johnson,jjohnso1@ford.com,https://cdn.nba.com/headshots/nba/latest/260x190/203114.png
jjohnso2,Product Manager,James,Johnson,jjohnso2@ford.com,https://cdn.nba.com/headshots/nba/latest/260x190/1641756.png
jjohnso3,Software Engineer,Jennifer,Johnson,jjohnso3@ford.com,https://cdn.nba.com/headshots/nba/latest/260x190/1641706.png
jjohnso4,Software Engineer,Joseph,Johnson,jjohnso4@ford.com,https://cdn.nba.com/headshots/nba/latest/260x190/1641757.png
jjohnson,Anchor,Jack,Johnson,jjohnson@ford.com,https://cdn.nba.com/headshots/nba/latest/260x190/1631159.png
jjones,Go To Market Lead,James,Jones,jjones@ford.com,https://cdn.nba.com/headshots/nba/latest/260x190/201988.png
jjones1,Product Manager,John,Jones,jjones1@ford.com,https://cdn.nba.com/headshots/nba/latest/260x190/1629003.png
jjones2,Software Engineer,Joseph,Jones,jjones2@ford.com,https://cdn.nba.com/headshots/nba/latest/260x190/1631169.png
jking,Product Manager,Joseph,King,jking@ford.com,https://cdn.nba.com/headshots/nba/latest/260x190/1630558.png
jmalhotr,Software Engineer,Jyoti,Malhotra,jmalhotr@ford.com,https://cdn.nba.com/headshots/nba/latest/260x190/1628378.png
jmartin1,Software Engineer,Jesus,Martinez,jmartin1@ford.com,https://cdn.nba.com/headshots/nba/latest/260x190/1630596.png
jmartin2,Anchor,Joseph,Martinez,jmartin2@ford.com,https://cdn.nba.com/headshots/nba/latest/260x190/1630600.png
jmartin3,Anchor,Juanita,Martinez,jmartin3@ford.com,https://cdn.nba.com/headshots/nba/latest/260x190/1628370.png
jmartine,Product Designer,James,Martinez,jmartine@ford.com,https://cdn.nba.com/headshots/nba/latest/260x190/1630541.png
jmiller,Software Engineer,Jackson,Miller,jmiller@ford.com,https://cdn.nba.com/headshots/nba/latest/260x190/1629875.png
jmiller1,Go To Market Lead,James,Miller,jmiller1@ford.com,https://cdn.nba.com/headshots/nba/latest/260x190/1641760.png
jmiller2,Software Engineer,Jennifer,Miller,jmiller2@ford.com,https://cdn.nba.com/headshots/nba/latest/260x190/1631111.png
jmiller3,Data Scientist,Jeremy,Miller,jmiller3@ford.com,https://cdn.nba.com/headshots/nba/latest/260x190/1629630.png
jmiller4,Go To Market Lead,Joseph,Miller,jmiller4@ford.com,https://cdn.nba.com/headshots/nba/latest/260x190/202693.png
jpatel,Product Manager,Jatin,Patel,jpatel@ford.com,https://cdn.nba.com/headshots/nba/latest/260x190/1628420.png
jross,Product Designer,Jason,Ross,jross@ford.com,https://cdn.nba.com/headshots/nba/latest/260x190/202694.png
jsharma,Anchor,Jaya,Sharma,jsharma@ford.com,https://cdn.nba.com/headshots/nba/latest/260x190/1630530.png
jsmith,Go To Market Lead,Jackson,Smith,jsmith@ford.com,https://cdn.nba.com/headshots/nba/latest/260x190/1627749.png
jsmith1,Software Engineer,Jalen,Smith,jsmith1@ford.com,https://cdn.nba.com/headshots/nba/latest/260x190/1627750.png
jsmith2,Product Designer,James,Smith,jsmith2@ford.com,https://cdn.nba.com/headshots/nba/latest/260x190/1631099.png
jsmith3,Go To Market Lead,Jason,Smith,jsmith3@ford.com,https://cdn.nba.com/headshots/nba/latest/260x190/1631200.png
jsmith4,Product Manager,Jeffrey,Smith,jsmith4@ford.com,https://cdn.nba.com/headshots/nba/latest/260x190/203488.png
jsmith5,Anchor,Jennifer,Smith,jsmith5@ford.com,https://cdn.nba.com/headshots/nba/latest/260x190/1629004.png
jsmith6,Software Engineer,Joseph,Smith,jsmith6@ford.com,https://cdn.nba.com/headshots/nba/latest/260x190/1626204.png
jtaylor,Software Engineer,Jack,Taylor,jtaylor@ford.com,https://cdn.nba.com/headshots/nba/latest/260x190/1629614.png
jtaylor1,Software Engineer,Jackson,Taylor,jtaylor1@ford.com,https://cdn.nba.com/headshots/nba/latest/260x190/1630174.png
jtaylor2,Software Engineer,Jamal,Taylor,jtaylor2@ford.com,https://cdn.nba.com/headshots/nba/latest/260x190/203526.png
jtaylor3,Product Designer,James,Taylor,jtaylor3@ford.com,https://cdn.nba.com/headshots/nba/latest/260x190/1627777.png
jtaylor4,Go To Market Lead,Jamie,Taylor,jtaylor4@ford.com,https://cdn.nba.com/headshots/nba/latest/260x190/1641762.png
jtaylor5,Software Engineer,Jason,Taylor,jtaylor5@ford.com,https://cdn.nba.com/headshots/nba/latest/260x190/1630192.png
jtaylor6,Software Engineer,Jeffrey,Taylor,jtaylor6@ford.com,https://cdn.nba.com/headshots/nba/latest/260x190/203457.png
jtaylor7,Software Engineer,Joseph,Taylor,jtaylor7@ford.com,https://cdn.nba.com/headshots/nba/latest/260x190/1630750.png
jward,Product Manager,Jessica,Ward,jward@ford.com,https://cdn.nba.com/headshots/nba/latest/260x190/1641936.png
jwilliam,Anchor,Jack,Williams,jwilliam@ford.com,https://cdn.nba.com/headshots/nba/latest/260x190/1629669.png
jwilson,Software Engineer,James,Wilson,jwilson@ford.com,https://cdn.nba.com/headshots/nba/latest/260x190/1641806.png
jwilson1,Product Manager,Jessica,Wilson,jwilson1@ford.com,https://cdn.nba.com/headshots/nba/latest/260x190/1628373.png
jwilson2,Software Engineer,John,Wilson,jwilson2@ford.com,https://cdn.nba.com/headshots/nba/latest/260x190/1629134.png
jwilson3,Product Designer,Joseph,Wilson,jwilson3@ford.com,https://cdn.nba.com/headshots/nba/latest/260x190/203994.png
jwilson4,Go To Market Lead,Justin,Wilson,jwilson4@ford.com,https://cdn.nba.com/headshots/nba/latest/260x190/1629670.png
jwood,Data Scientist,Jessica,Wood,jwood@ford.com,https://cdn.nba.com/headshots/nba/latest/260x190/1626220.png
jyoung,Data Scientist,Jonathan,Young,jyoung@ford.com,https://cdn.nba.com/headshots/nba/latest/260x190/1641893.png
kanderso,Go To Market Lead,Kennedy,Anderson,kanderso@ford.com,https://cdn.nba.com/headshots/nba/latest/260x190/1629697.png
kdavis,Anchor,Kennedy,Davis,kdavis@ford.com,https://cdn.nba.com/headshots/nba/latest/260x190/1629643.png
kharris,Data Engineer,Kirk,Harris,kharris@ford.com,https://cdn.nba.com/headshots/nba/latest/260x190/1629006.png
kjohnson,Software Engineer,Kalonji,Johnson,kjohnson@ford.com,https://cdn.nba.com/headshots/nba/latest/260x190/1630168.png
kjoshi,Anchor,Kavita,Joshi,kjoshi@ford.com,https://cdn.nba.com/headshots/nba/latest/260x190/1630171.png
kjoshi1,Anchor,Kirti,Joshi,kjoshi1@ford.com,https://cdn.nba.com/headshots/nba/latest/260x190/203506.png
kkapoor,Product Designer,Karan,Kapoor,kkapoor@ford.com,https://cdn.nba.com/headshots/nba/latest/260x190/203482.png
kkapoor1,Product Manager,Kavita,Kapoor,kkapoor1@ford.com,https://cdn.nba.com/headshots/nba/latest/260x190/1630647.png
kkapoor2,Software Engineer,Kunal,Kapoor,kkapoor2@ford.com,https://cdn.nba.com/headshots/nba/latest/260x190/1626224.png
kmoore,Product Manager,Katherine,Moore,kmoore@ford.com,https://cdn.nba.com/headshots/nba/latest/260x190/1626162.png
knarayan,Product Manager,Karthik,Narayan,knarayan@ford.com,https://cdn.nba.com/headshots/nba/latest/260x190/101108.png
kparker,Product Manager,Keith,Parker,kparker@ford.com,https://cdn.nba.com/headshots/nba/latest/260x190/1626166.png
kprasad,Data Scientist,Kunal,Prasad,kprasad@ford.com,https://cdn.nba.com/headshots/nba/latest/260x190/1627780.png
kshah,Product Manager,Kiran,Shah,kshah@ford.com,https://cdn.nba.com/headshots/nba/latest/260x190/1641809.png
ksharma,Data Scientist,Kamal,Sharma,ksharma@ford.com,https://cdn.nba.com/headshots/nba/latest/260x190/1630196.png
ksingh,Software Engineer,Komal,Singh,ksingh@ford.com,https://cdn.nba.com/headshots/nba/latest/260x190/1641763.png
ksmith,Product Designer,Kevin,Smith,ksmith@ford.com,https://cdn.nba.com/headshots/nba/latest/260x190/1629618.png
ktaylor,Software Engineer,Kamala,Taylor,ktaylor@ford.com,https://cdn.nba.com/headshots/nba/latest/260x190/1629033.png
ktaylor1,Data Scientist,Kennedy,Taylor,ktaylor1@ford.com,https://cdn.nba.com/headshots/nba/latest/260x190/1630590.png
kverma,Product Designer,Kalyani,Verma,kverma@ford.com,https://cdn.nba.com/headshots/nba/latest/260x190/203486.png
kwalker,Anchor,Kevin,Walker,kwalker@ford.com,https://cdn.nba.com/headshots/nba/latest/260x190/1641764.png
landers1,Product Manager,Liam,Anderson,landers1@ford.com,https://cdn.nba.com/headshots/nba/latest/260x190/1627751.png
landerso,Anchor,Laura,Anderson,landerso@ford.com,https://cdn.nba.com/headshots/nba/latest/260x190/1630197.png
lbailey,Product Manager,Liam,Bailey,lbailey@ford.com,https://cdn.nba.com/headshots/nba/latest/260x190/1629673.png
lbrown,Enablement Manager,Leah,Brown,lbrown@ford.com,https://cdn.nba.com/headshots/nba/latest/260x190/1641854.png
lbrown1,Anchor,Lillian,Brown,lbrown1@ford.com,https://cdn.nba.com/headshots/nba/latest/260x190/1629645.png
ldavis,Data Engineer,Layla,Davis,ldavis@ford.com,https://cdn.nba.com/headshots/nba/latest/260x190/1629008.png
ldavis1,Anchor,Lillian,Davis,ldavis1@ford.com,https://cdn.nba.com/headshots/nba/latest/260x190/203490.png
lfoster,Software Engineer,Lily,Foster,lfoster@ford.com,https://cdn.nba.com/headshots/nba/latest/260x190/1626171.png
lhall,Software Engineer,Lauren,Hall,lhall@ford.com,https://cdn.nba.com/headshots/nba/latest/260x190/204001.png
lharris,Software Engineer,Layla,Harris,lharris@ford.com,https://cdn.nba.com/headshots/nba/latest/260x190/1630695.png
lharris1,Go To Market Lead,Lester,Harris,lharris1@ford.com,https://cdn.nba.com/headshots/nba/latest/260x190/203939.png
lharris2,Product Designer,Liam,Harris,lharris2@ford.com,https://cdn.nba.com/headshots/nba/latest/260x190/1626181.png
lharris3,Anchor,Louis,Harris,lharris3@ford.com,https://cdn.nba.com/headshots/nba/latest/260x190/1630554.png
lharris4,Anchor,Lucy,Harris,lharris4@ford.com,https://cdn.nba.com/headshots/nba/latest/260x190/1627752.png
lhill,Anchor,Lauren,Hill,lhill@ford.com,https://cdn.nba.com/headshots/nba/latest/260x190/1630202.png
ljohnso1,Software Engineer,Lewis,Johnson,ljohnso1@ford.com,https://cdn.nba.com/headshots/nba/latest/260x190/1641765.png
ljohnso2,Data Scientist,Liam,Johnson,ljohnso2@ford.com,https://cdn.nba.com/headshots/nba/latest/260x190/1629674.png
ljohnso3,Software Engineer,Lily,Johnson,ljohnso3@ford.com,https://cdn.nba.com/headshots/nba/latest/260x190/1630193.png
ljohnso4,Go To Market Lead,Lucy,Johnson,ljohnso4@ford.com,https://cdn.nba.com/headshots/nba/latest/260x190/1631311.png
ljohnson,Go To Market Lead,Lenny,Johnson,ljohnson@ford.com,https://cdn.nba.com/headshots/nba/latest/260x190/203944.png
ljones,Software Engineer,Lebron,Jones,ljones@ford.com,https://cdn.nba.com/headshots/nba/latest/260x190/1630559.png
ljones1,Software Engineer,Lily,Jones,ljones1@ford.com,https://cdn.nba.com/headshots/nba/latest/260x190/1629629.png
ljones2,Software Engineer,Lucy,Jones,ljones2@ford.com,https://cdn.nba.com/headshots/nba/latest/260x190/1630194.png
ljoshi,Product Manager,Leela,Joshi,ljoshi@ford.com,https://cdn.nba.com/headshots/nba/latest/260x190/1629675.png
lmartin1,Data Engineer,Lily,Martinez,lmartin1@ford.com,https://cdn.nba.com/headshots/nba/latest/260x190/1631197.png
lmartin2,Software Engineer,Lionel,Martinez,lmartin2@ford.com,https://cdn.nba.com/headshots/nba/latest/260x190/1641811.png
lmartine,Go To Market Lead,Liam,Martinez,lmartine@ford.com,https://cdn.nba.com/headshots/nba/latest/260x190/1630208.png
lmiller,Software Engineer,Larissa,Miller,lmiller@ford.com,https://cdn.nba.com/headshots/nba/latest/260x190/1626196.png
lmiller1,Go To Market Lead,Layla,Miller,lmiller1@ford.com,https://cdn.nba.com/headshots/nba/latest/260x190/203085.png
lmiller2,Software Engineer,Liam,Miller,lmiller2@ford.com,https://cdn.nba.com/headshots/nba/latest/260x190/1629130.png
lmiller3,Product Manager,Lionel,Miller,lmiller3@ford.com,https://cdn.nba.com/headshots/nba/latest/260x190/1629011.png
lmiller4,Product Designer,Lucy,Miller,lmiller4@ford.com,https://cdn.nba.com/headshots/nba/latest/260x190/1631115.png
lrogers,Anchor,Lauren,Rogers,lrogers@ford.com,https://cdn.nba.com/headshots/nba/latest/260x190/1630526.png
lrussell,Product Manager,Laura,Russell,lrussell@ford.com,https://cdn.nba.com/headshots/nba/latest/260x190/1629676.png
lscott,Anchor,Louise,Scott,lscott@ford.com,https://cdn.nba.com/headshots/nba/latest/260x190/1631223.png
lsmith,Anchor,Lawrence,Smith,lsmith@ford.com,https://cdn.nba.com/headshots/nba/latest/260x190/1631157.png
lsmith1,Software Engineer,Layla,Smith,lsmith1@ford.com,https://cdn.nba.com/headshots/nba/latest/260x190/201565.png
lsmith2,Software Engineer,Leonard,Smith,lsmith2@ford.com,https://cdn.nba.com/headshots/nba/latest/260x190/203082.png
lsmith3,Product Manager,Liam,Smith,lsmith3@ford.com,https://cdn.nba.com/headshots/nba/latest/260x190/1626179.png
lsmith4,Software Engineer,Lillian,Smith,lsmith4@ford.com,https://cdn.nba.com/headshots/nba/latest/260x190/201937.png
lsmith5,Data Engineer,Lily,Smith,lsmith5@ford.com,https://cdn.nba.com/headshots/nba/latest/260x190/1641712.png
lsmith6,Software Engineer,Lucy,Smith,lsmith6@ford.com,https://cdn.nba.com/headshots/nba/latest/260x190/1626156.png
ltaylor,Go To Market Lead,Liam,Taylor,ltaylor@ford.com,https://cdn.nba.com/headshots/nba/latest/260x190/1630346.png
ltaylor1,Enablement Manager,Lily,Taylor,ltaylor1@ford.com,https://cdn.nba.com/headshots/nba/latest/260x190/1627734.png
ltaylor2,Data Engineer,Lloyd,Taylor,ltaylor2@ford.com,https://cdn.nba.com/headshots/nba/latest/260x190/1629677.png
ltaylor3,Enablement Manager,Luke,Taylor,ltaylor3@ford.com,https://cdn.nba.com/headshots/nba/latest/260x190/1631257.png
lturner,Software Engineer,Laura,Turner,lturner@ford.com,https://cdn.nba.com/headshots/nba/latest/260x190/1641766.png
lwhite,Software Engineer,Lucy,White,lwhite@ford.com,https://cdn.nba.com/headshots/nba/latest/260x190/203967.png
lwilson,Product Manager,Layla,Wilson,lwilson@ford.com,https://cdn.nba.com/headshots/nba/latest/260x190/1631204.png
lwilson1,Software Engineer,Leah,Wilson,lwilson1@ford.com,https://cdn.nba.com/headshots/nba/latest/260x190/1629678.png
lwilson2,Software Engineer,Lily,Wilson,lwilson2@ford.com,https://cdn.nba.com/headshots/nba/latest/260x190/203471.png
magarwal,Software Engineer,Manoj,Agarwal,magarwal@ford.com,https://cdn.nba.com/headshots/nba/latest/260x190/1630206.png
magrawa1,Data Engineer,Meenakshi,Agrawal,magrawa1@ford.com,https://cdn.nba.com/headshots/nba/latest/260x190/1631220.png
magrawal,Software Engineer,Manju,Agrawal,magrawal@ford.com,https://cdn.nba.com/headshots/nba/latest/260x190/1630578.png
manders1,Software Engineer,Matthew,Anderson,manders1@ford.com,https://cdn.nba.com/headshots/nba/latest/260x190/1641729.png
manders2,Software Engineer,Mia,Anderson,manders2@ford.com,https://cdn.nba.com/headshots/nba/latest/260x190/1629012.png
manders3,Software Engineer,Michael,Anderson,manders3@ford.com,https://cdn.nba.com/headshots/nba/latest/260x190/1629013.png
manderso,Software Engineer,Madison,Anderson,manderso@ford.com,https://cdn.nba.com/headshots/nba/latest/260x190/1630549.png
mbrooks,Software Engineer,Martin,Brooks,mbrooks@ford.com,https://cdn.nba.com/headshots/nba/latest/260x190/1631101.png
mbrown,Software Engineer,Madison,Brown,mbrown@ford.com,https://cdn.nba.com/headshots/nba/latest/260x190/1641767.png
mbrown1,Data Engineer,Marcus,Brown,mbrown1@ford.com,https://cdn.nba.com/headshots/nba/latest/260x190/1627783.png
mbrown2,Data Scientist,Mia,Brown,mbrown2@ford.com,https://cdn.nba.com/headshots/nba/latest/260x190/1627732.png
mbrown3,Software Engineer,Michael,Brown,mbrown3@ford.com,https://cdn.nba.com/headshots/nba/latest/260x190/1628424.png
mdavis,Data Engineer,Margaret,Davis,mdavis@ford.com,https://cdn.nba.com/headshots/nba/latest/260x190/1629014.png
mdavis1,Data Engineer,Matthew,Davis,mdavis1@ford.com,https://cdn.nba.com/headshots/nba/latest/260x190/1630579.png
mdavis2,Data Engineer,Mia,Davis,mdavis2@ford.com,https://cdn.nba.com/headshots/nba/latest/260x190/1631376.png
mdavis3,Software Engineer,Michael,Davis,mdavis3@ford.com,https://cdn.nba.com/headshots/nba/latest/260x190/1641771.png
mdesai,Software Engineer,Madhu,Desai,mdesai@ford.com,https://cdn.nba.com/headshots/nba/latest/260x190/1630606.png
mgreen,Data Engineer,Maria,Green,mgreen@ford.com,https://cdn.nba.com/headshots/nba/latest/260x190/203935.png
mgreen1,Software Engineer,Matthew,Green,mgreen1@ford.com,https://cdn.nba.com/headshots/nba/latest/260x190/1630696.png
mharris,Product Manager,Madeline,Harris,mharris@ford.com,https://cdn.nba.com/headshots/nba/latest/260x190/202397.png
mharris1,Software Engineer,Madison,Harris,mharris1@ford.com,https://cdn.nba.com/headshots/nba/latest/260x190/1630188.png
mharris2,Go To Market Lead,Matthew,Harris,mharris2@ford.com,https://cdn.nba.com/headshots/nba/latest/260x190/1631173.png
mharris3,Software Engineer,Mia,Harris,mharris3@ford.com,https://cdn.nba.com/headshots/nba/latest/260x190/1628372.png
mharris4,Software Engineer,Michael,Harris,mharris4@ford.com,https://cdn.nba.com/headshots/nba/latest/260x190/1631095.png
mhughes,Software Engineer,Mark,Hughes,mhughes@ford.com,https://cdn.nba.com/headshots/nba/latest/260x190/1641733.png
miyer,Product Manager,Manish,Iyer,miyer@ford.com,https://cdn.nba.com/headshots/nba/latest/260x190/1631110.png
mjohnso1,Software Engineer,Margaret,Johnson,mjohnso1@ford.com,https://cdn.nba.com/headshots/nba/latest/260x190/1630531.png
mjohnso2,Software Engineer,Matthew,Johnson,mjohnso2@ford.com,https://cdn.nba.com/headshots/nba/latest/260x190/1630191.png
mjohnso3,Software Engineer,Mia,Johnson,mjohnso3@ford.com,https://cdn.nba.com/headshots/nba/latest/260x190/1631124.png
mjohnso4,Data Scientist,Michael,Johnson,mjohnso4@ford.com,https://cdn.nba.com/headshots/nba/latest/260x190/1629622.png
mjohnson,Enablement Manager,Madelyn,Johnson,mjohnson@ford.com,https://cdn.nba.com/headshots/nba/latest/260x190/1630591.png
mjones,Software Engineer,Mia,Jones,mjones@ford.com,https://cdn.nba.com/headshots/nba/latest/260x190/1631306.png
mkapoor,Product Manager,Meera,Kapoor,mkapoor@ford.com,https://cdn.nba.com/headshots/nba/latest/260x190/1630256.png
mmartin1,Anchor,Miguel,Martinez,mmartin1@ford.com,https://cdn.nba.com/headshots/nba/latest/260x190/1628369.png
mmartine,Software Engineer,Maria,Martinez,mmartine@ford.com,https://cdn.nba.com/headshots/nba/latest/260x190/1630678.png
mmehta,Software Engineer,Mukesh,Mehta,mmehta@ford.com,https://cdn.nba.com/headshots/nba/latest/260x190/202066.png
mmiller,Software Engineer,Mason,Miller,mmiller@ford.com,https://cdn.nba.com/headshots/nba/latest/260x190/1631207.png
mmiller1,Software Engineer,Matthew,Miller,mmiller1@ford.com,https://cdn.nba.com/headshots/nba/latest/260x190/1628464.png
mmiller2,Product Manager,Michael,Miller,mmiller2@ford.com,https://cdn.nba.com/headshots/nba/latest/260x190/1630560.png
mnair,Software Engineer,Mahesh,Nair,mnair@ford.com,https://cdn.nba.com/headshots/nba/latest/260x190/1641708.png
mpatel,Product Designer,Megha,Patel,mpatel@ford.com,https://cdn.nba.com/headshots/nba/latest/260x190/1641709.png
mrao,Go To Market Lead,Maya,Rao,mrao@ford.com,https://cdn.nba.com/headshots/nba/latest/260x190/202691.png
msharma,Product Manager,Maya,Sharma,msharma@ford.com,https://cdn.nba.com/headshots/nba/latest/260x190/202684.png
msharma1,Anchor,Mira,Sharma,msharma1@ford.com,https://cdn.nba.com/headshots/nba/latest/260x190/1630550.png
msmith,Software Engineer,Matthew,Smith,msmith@ford.com,https://cdn.nba.com/headshots/nba/latest/260x190/1629680.png
msmith1,Go To Market Lead,Maurice,Smith,msmith1@ford.com,https://cdn.nba.com/headshots/nba/latest/260x190/1630214.png
msmith2,Software Engineer,Meredith,Smith,msmith2@ford.com,https://cdn.nba.com/headshots/nba/latest/260x190/1630225.png
msmith3,Product Manager,Mia,Smith,msmith3@ford.com,https://cdn.nba.com/headshots/nba/latest/260x190/1631210.png
msmith4,Software Engineer,Michael,Smith,msmith4@ford.com,https://cdn.nba.com/headshots/nba/latest/260x190/1630167.png
msmith5,Software Engineer,Mitchell,Smith,msmith5@ford.com,https://cdn.nba.com/headshots/nba/latest/260x190/1626157.png
mtaylor,Software Engineer,Madison,Taylor,mtaylor@ford.com,https://cdn.nba.com/headshots/nba/latest/260x190/1629018.png
mtaylor1,Data Engineer,Mark,Taylor,mtaylor1@ford.com,https://cdn.nba.com/headshots/nba/latest/260x190/1631131.png
mtaylor2,Software Engineer,Mary,Taylor,mtaylor2@ford.com,https://cdn.nba.com/headshots/nba/latest/260x190/1641773.png
mtaylor3,Enablement Manager,Matthew,Taylor,mtaylor3@ford.com,https://cdn.nba.com/headshots/nba/latest/260x190/200782.png
mtaylor4,Data Engineer,Michael,Taylor,mtaylor4@ford.com,https://cdn.nba.com/headshots/nba/latest/260x190/1626167.png
mthakur,Anchor,Manoj,Thakur,mthakur@ford.com,https://cdn.nba.com/headshots/nba/latest/260x190/1641816.png
mwilliam,Data Engineer,Mia,Williams,mwilliam@ford.com,https://cdn.nba.com/headshots/nba/latest/260x190/1630649.png
mwilson,Product Manager,Maya,Wilson,mwilson@ford.com,https://cdn.nba.com/headshots/nba/latest/260x190/202685.png
mwilson1,Go To Market Lead,Mia,Wilson,mwilson1@ford.com,https://cdn.nba.com/headshots/nba/latest/260x190/1627832.png
mwilson2,Anchor,Michael,Wilson,mwilson2@ford.com,https://cdn.nba.com/headshots/nba/latest/260x190/1629020.png
nanderso,Software Engineer,Noah,Anderson,nanderso@ford.com,https://cdn.nba.com/headshots/nba/latest/260x190/1630170.png
nbrown,Anchor,Noah,Brown,nbrown@ford.com,https://cdn.nba.com/headshots/nba/latest/260x190/1628426.png
nbutler,Software Engineer,Nicholas,Butler,nbutler@ford.com,https://cdn.nba.com/headshots/nba/latest/260x190/1629216.png
ndavis,Software Engineer,Natalie,Davis,ndavis@ford.com,https://cdn.nba.com/headshots/nba/latest/260x190/202696.png
ndavis1,Go To Market Lead,Noah,Davis,ndavis1@ford.com,https://cdn.nba.com/headshots/nba/latest/260x190/1641774.png
ndavis2,Product Manager,Nora,Davis,ndavis2@ford.com,https://cdn.nba.com/headshots/nba/latest/260x190/1629731.png
ndesai,Product Manager,Nitin,Desai,ndesai@ford.com,https://cdn.nba.com/headshots/nba/latest/260x190/1630532.png
ngupta,Software Engineer,Neha,Gupta,ngupta@ford.com,https://cdn.nba.com/headshots/nba/latest/260x190/1629021.png
njohnson,Data Engineer,Natalie,Johnson,njohnson@ford.com,https://cdn.nba.com/headshots/nba/latest/260x190/1631133.png
njones,Software Engineer,Noah,Jones,njones@ford.com,https://cdn.nba.com/headshots/nba/latest/260x190/1641716.png
njoshi,Product Manager,Neeta,Joshi,njoshi@ford.com,https://cdn.nba.com/headshots/nba/latest/260x190/1641948.png
nkhan,Go To Market Lead,Nikhil,Khan,nkhan@ford.com,https://cdn.nba.com/headshots/nba/latest/260x190/1629022.png
nkumar,Product Manager,Naveen,Kumar,nkumar@ford.com,https://cdn.nba.com/headshots/nba/latest/260x190/1641717.png
nmartin1,Software Engineer,Noah,Martinez,nmartin1@ford.com,https://cdn.nba.com/headshots/nba/latest/260x190/1641775.png
nmartine,Software Engineer,Natalie,Martinez,nmartine@ford.com,https://cdn.nba.com/headshots/nba/latest/260x190/203933.png
nmiller,Product Designer,Nicholas,Miller,nmiller@ford.com,https://cdn.nba.com/headshots/nba/latest/260x190/1629023.png
npatel,Software Engineer,Nidhi,Patel,npatel@ford.com,https://cdn.nba.com/headshots/nba/latest/260x190/1630613.png
nreddy,Product Manager,Naveen,Reddy,nreddy@ford.com,https://cdn.nba.com/headshots/nba/latest/260x190/1631102.png
nsaxena,Software Engineer,Naina,Saxena,nsaxena@ford.com,https://cdn.nba.com/headshots/nba/latest/260x190/1629139.png
nshah,Software Engineer,Nishant,Shah,nshah@ford.com,https://cdn.nba.com/headshots/nba/latest/260x190/1630570.png
nsharma,Software Engineer,Nisha,Sharma,nsharma@ford.com,https://cdn.nba.com/headshots/nba/latest/260x190/1631212.png
nsingh,Anchor,Neelam,Singh,nsingh@ford.com,https://cdn.nba.com/headshots/nba/latest/260x190/1641705.png
nsmith,Product Manager,Noah,Smith,nsmith@ford.com,https://cdn.nba.com/headshots/nba/latest/260x190/1631104.png
ntaylor,Anchor,Naploeon,Taylor,ntaylor@ford.com,https://cdn.nba.com/headshots/nba/latest/260x190/201566.png
ntaylor1,Software Engineer,Noah,Taylor,ntaylor1@ford.com,https://cdn.nba.com/headshots/nba/latest/260x190/1629632.png
nturner,Product Manager,Neil,Turner,nturner@ford.com,https://cdn.nba.com/headshots/nba/latest/260x190/1628401.png
nverma,Product Manager,Neha,Verma,nverma@ford.com,https://cdn.nba.com/headshots/nba/latest/260x190/1631298.png
nwilliam,Software Engineer,Noah,Williams,nwilliam@ford.com,https://cdn.nba.com/headshots/nba/latest/260x190/1641727.png
nwilson,Software Engineer,Noah,Wilson,nwilson@ford.com,https://cdn.nba.com/headshots/nba/latest/260x190/1641715.png
nyoung,Data Scientist,Natalie,Young,nyoung@ford.com,https://cdn.nba.com/headshots/nba/latest/260x190/1630580.png
ogray,Product Manager,Olivia,Gray,ogray@ford.com,https://cdn.nba.com/headshots/nba/latest/260x190/1630598.png
ojones,Data Engineer,Olivia,Jones,ojones@ford.com,https://cdn.nba.com/headshots/nba/latest/260x190/203952.png
omartine,Software Engineer,Oliver,Martinez,omartine@ford.com,https://cdn.nba.com/headshots/nba/latest/260x190/1629623.png
omiller,Product Manager,Olivia,Miller,omiller@ford.com,https://cdn.nba.com/headshots/nba/latest/260x190/1631214.png
otaylor,Product Manager,Olivia,Taylor,otaylor@ford.com,https://cdn.nba.com/headshots/nba/latest/260x190/1629684.png
owilliam,Software Engineer,Olivia,Williams,owilliam@ford.com,https://cdn.nba.com/headshots/nba/latest/260x190/1631114.png
panderso,Software Engineer,Penelope,Anderson,panderso@ford.com,https://cdn.nba.com/headshots/nba/latest/260x190/1631119.png
pbrown,Software Engineer,Penelope,Brown,pbrown@ford.com,https://cdn.nba.com/headshots/nba/latest/260x190/1631466.png
pbrown1,Product Manager,Phillip,Brown,pbrown1@ford.com,https://cdn.nba.com/headshots/nba/latest/260x190/1629026.png
pcarter,Data Scientist,Paul,Carter,pcarter@ford.com,https://cdn.nba.com/headshots/nba/latest/260x190/1631109.png
pcox,Product Manager,Patrick,Cox,pcox@ford.com,https://cdn.nba.com/headshots/nba/latest/260x190/1630172.png
pdas,Product Designer,Pranav,Das,pdas@ford.com,https://cdn.nba.com/headshots/nba/latest/260x190/1630533.png
pdavis,Product Designer,Penelope,Davis,pdavis@ford.com,https://cdn.nba.com/headshots/nba/latest/260x190/1629057.png
pdesai,Product Manager,Pooja,Desai,pdesai@ford.com,https://cdn.nba.com/headshots/nba/latest/260x190/1631246.png
pdesai1,Data Engineer,Purnima,Desai,pdesai1@ford.com,https://cdn.nba.com/headshots/nba/latest/260x190/1629627.png
pdubey,Product Manager,Prashant,Dubey,pdubey@ford.com,https://cdn.nba.com/headshots/nba/latest/260x190/1630592.png
pharris,Software Engineer,Penelope,Harris,pharris@ford.com,https://cdn.nba.com/headshots/nba/latest/260x190/1629685.png
phill,Anchor,Peter,Hill,phill@ford.com,https://cdn.nba.com/headshots/nba/latest/260x190/1626159.png
piyer,Software Engineer,Prerna,Iyer,piyer@ford.com,https://cdn.nba.com/headshots/nba/latest/260x190/1630164.png
pjones,Software Engineer,Paisley,Jones,pjones@ford.com,https://cdn.nba.com/headshots/nba/latest/260x190/1631209.png
plong,Anchor,Philip,Long,plong@ford.com,https://cdn.nba.com/headshots/nba/latest/260x190/1626174.png
pmalhot1,Product Designer,Priyanka,Malhotra,pmalhot1@ford.com,https://cdn.nba.com/headshots/nba/latest/260x190/1626153.png
pmalhotr,Software Engineer,Pankaj,Malhotra,pmalhotr@ford.com,https://cdn.nba.com/headshots/nba/latest/260x190/1630593.png
pmartine,Product Manager,Penelope,Martinez,pmartine@ford.com,https://cdn.nba.com/headshots/nba/latest/260x190/1628221.png
pmenon,Product Manager,Pavan,Menon,pmenon@ford.com,https://cdn.nba.com/headshots/nba/latest/260x190/201152.png
pnair,Software Engineer,Pallavi,Nair,pnair@ford.com,https://cdn.nba.com/headshots/nba/latest/260x190/1629027.png
ppatel,Software Engineer,Priya,Patel,ppatel@ford.com,https://cdn.nba.com/headshots/nba/latest/260x190/1630209.png
psen,Software Engineer,Partho,Sen,psen@ford.com,https://cdn.nba.com/headshots/nba/latest/260x190/203469.png
pshah,Software Engineer,Poonam,Shah,pshah@ford.com,https://cdn.nba.com/headshots/nba/latest/260x190/1627826.png
pshah1,Software Engineer,Prakash,Shah,pshah1@ford.com,
psingh,Software Engineer,Pradeep,Singh,psingh@ford.com,
psingh1,Software Engineer,Preeti,Singh,psingh1@ford.com,
psmith,Data Engineer,Penelope,Smith,psmith@ford.com,
psmith1,Product Designer,Peyton,Smith,psmith1@ford.com,
psmith2,Product Designer,Philip,Smith,psmith2@ford.com,
psmith3,Anchor,Phoenix,Smith,psmith3@ford.com,
pwilson,Product Designer,Penelope,Wilson,pwilson@ford.com,
qmartine,Product Designer,Quinn,Martinez,qmartine@ford.com,
qwilson,Product Designer,Qunicy,Wilson,qwilson@ford.com,
ragrawa1,Software Engineer,Ramesh,Agrawal,ragrawa1@ford.com,
ragrawal,Software Engineer,Rajiv,Agrawal,ragrawal@ford.com,
randerso,Software Engineer,Ruby,Anderson,randerso@ford.com,
rchoudhu,Software Engineer,Rajat,Choudhury,rchoudhu@ford.com,
rdavis,Software Engineer,Ruby,Davis,rdavis@ford.com,
rdesai,Software Engineer,Roshni,Desai,rdesai@ford.com,
revans,Software Engineer,Rachel,Evans,revans@ford.com,
rfoster,Software Engineer,Rebecca,Foster,rfoster@ford.com,
rfoster1,Software Engineer,Russell,Foster,rfoster1@ford.com,
rharris,Software Engineer,Roy,Harris,rharris@ford.com,
rharris1,Software Engineer,Ruby,Harris,rharris1@ford.com,
rharris2,Data Scientist,Ryan,Harris,rharris2@ford.com,
riyer,Software Engineer,Rachana,Iyer,riyer@ford.com,
riyer1,Anchor,Renuka,Iyer,riyer1@ford.com,
rjohnso1,Data Scientist,Ryan,Johnson,rjohnso1@ford.com,
rjohnson,Product Manager,Ronald,Johnson,rjohnson@ford.com,
rjones,Software Engineer,Riley,Jones,rjones@ford.com,
rjones1,Product Designer,Robert,Jones,rjones1@ford.com,
rjones2,Data Engineer,Ruby,Jones,rjones2@ford.com,
rkapoor,Software Engineer,Rohit,Kapoor,rkapoor@ford.com,
rkhanna,Software Engineer,Rajan,Khanna,rkhanna@ford.com,
rmalhotr,Software Engineer,Ritu,Malhotra,rmalhotr@ford.com,
rmartin,Data Engineer,Richard,Martin,rmartin@ford.com,
rmartine,Software Engineer,Rogelio,Martinez,rmartine@ford.com,
rmehra,Product Manager,Rakesh,Mehra,rmehra@ford.com,
rmehta,Software Engineer,Radha,Mehta,rmehta@ford.com,
rmehta1,Anchor,Rina,Mehta,rmehta1@ford.com,
rmehta2,Product Designer,Rishi,Mehta,rmehta2@ford.com,
rpatel,Product Manager,Roopa,Patel,rpatel@ford.com,
rprice,Data Engineer,Rachel,Price,rprice@ford.com,
rreddy,Software Engineer,Rajesh,Reddy,rreddy@ford.com,
rreddy1,Software Engineer,Rani,Reddy,rreddy1@ford.com,
rreed,Software Engineer,Rachel,Reed,rreed@ford.com,
rsingh,Software Engineer,Rekha,Singh,rsingh@ford.com,
rsingh1,Anchor,Rohit,Singh,rsingh1@ford.com,
rsinghan,Software Engineer,Rohan,Singhania,rsinghan@ford.com,
rsmith,Data Engineer,Rebecca,Smith,rsmith@ford.com,
rsmith1,Data Scientist,Ridley,Smith,rsmith1@ford.com,
rsmith2,Product Manager,Roberta,Smith,rsmith2@ford.com,
rsmith3,Software Engineer,Ronald,Smith,rsmith3@ford.com,
rsmith4,Anchor,Ronaldo,Smith,rsmith4@ford.com,
rsmith5,Product Manager,Ruby,Smith,rsmith5@ford.com,
rsoman,Data Engineer,Raghav,Soman,rsoman@ford.com,
rsriniva,Product Manager,Rajendra,Srinivasan,rsriniva@ford.com,
rtaylor,Software Engineer,Ruby,Taylor,rtaylor@ford.com,
rtrivedi,Anchor,Rahul,Trivedi,rtrivedi@ford.com,
rturner,Software Engineer,Rebecca,Turner,rturner@ford.com,
rwalker,Software Engineer,Ryan,Walker,rwalker@ford.com,
rwilson,Software Engineer,Reagan,Wilson,rwilson@ford.com,
rwilson1,Software Engineer,Ruby,Wilson,rwilson1@ford.com,
sallen,Software Engineer,Steven,Allen,sallen@ford.com,
sanders1,Software Engineer,Sharon,Anderson,sanders1@ford.com,
sanders2,Software Engineer,Sofia,Anderson,sanders2@ford.com,
sanders3,Product Manager,Sophia,Anderson,sanders3@ford.com,
sanders4,Software Engineer,Sophie,Anderson,sanders4@ford.com,
sanderso,Software Engineer,Scarlett,Anderson,sanderso@ford.com,
sbell,Software Engineer,Sean,Bell,sbell@ford.com,
sbennett,Anchor,Sarah,Bennett,sbennett@ford.com,
sbrown,Software Engineer,Sarah,Brown,sbrown@ford.com,
sbrown1,Software Engineer,Scarlett,Brown,sbrown1@ford.com,
sbrown2,Data Engineer,Sophia,Brown,sbrown2@ford.com,
schoudha,Software Engineer,Suresh,Choudhary,schoudha@ford.com,
sdasgupt,Anchor,Sumit,Dasgupta,sdasgupt@ford.com,
sdavis,Data Engineer,Samuel,Davis,sdavis@ford.com,
sdavis1,Data Engineer,Skylar,Davis,sdavis1@ford.com,
sdavis2,Product Manager,Sofia,Davis,sdavis2@ford.com,
sdavis3,Software Engineer,Stella,Davis,sdavis3@ford.com,
sdesai,Data Engineer,Sheetal,Desai,sdesai@ford.com,
sdeshmuk,Data Engineer,Shailesh,Deshmukh,sdeshmuk@ford.com,
sgupta,Product Manager,Sunil,Gupta,sgupta@ford.com,
shall,Software Engineer,Stephen,Hall,shall@ford.com,
sharris,Software Engineer,Sadie,Harris,sharris@ford.com,
sharris1,Software Engineer,Samuel,Harris,sharris1@ford.com,
sharris2,Software Engineer,Scarlett,Harris,sharris2@ford.com,
sharris3,Software Engineer,Sienna,Harris,sharris3@ford.com,
sharris4,Enablement Manager,Sophia,Harris,sharris4@ford.com,
sjain,Software Engineer,Satish,Jain,sjain@ford.com,
sjohnso1,Anchor,Samuel,Johnson,sjohnso1@ford.com,
sjohnso2,Anchor,Sarah,Johnson,sjohnso2@ford.com,
sjohnso3,Anchor,Scarlett,Johnson,sjohnso3@ford.com,
sjohnso4,Product Manager,Sean,Johnson,sjohnso4@ford.com,
sjohnso5,Software Engineer,Skylar,Johnson,sjohnso5@ford.com,
sjohnso6,Product Manager,Stanley,Johnson,sjohnso6@ford.com,
sjohnson,Software Engineer,Samantha,Johnson,sjohnson@ford.com,
sjones,Software Engineer,Stella,Jones,sjones@ford.com,
sjoshi,Software Engineer,Sameer,Joshi,sjoshi@ford.com,
skapoor,Data Engineer,Simran,Kapoor,skapoor@ford.com,
skapoor1,Data Engineer,Swati,Kapoor,skapoor1@ford.com,
skumar,Product Manager,Sangeeta,Kumar,skumar@ford.com,
skumar1,Software Engineer,Sanya,Kumar,skumar1@ford.com,
skumar2,Anchor,Shreya,Kumar,skumar2@ford.com,
smartin1,Product Manager,Savannah,Martinez,smartin1@ford.com,
smartin2,Product Manager,Scarlett,Martinez,smartin2@ford.com,
smartin3,Software Engineer,Sofia,Martinez,smartin3@ford.com,
smartine,Product Manager,Sadie,Martinez,smartine@ford.com,
smehta,Software Engineer,Sameer,Mehta,smehta@ford.com,
smehta1,Software Engineer,Shalini,Mehta,smehta1@ford.com,
smehta2,Product Manager,Shobha,Mehta,smehta2@ford.com,
smenon,Software Engineer,Surya,Menon,smenon@ford.com,
smiller,Software Engineer,Samuel,Miller,smiller@ford.com,
smitchel,Product Manager,Scott,Mitchell,smitchel@ford.com,
snair,Software Engineer,Suhana,Nair,snair@ford.com,
snair1,Data Engineer,Suman,Nair,snair1@ford.com,
spatel,Product Manager,Shikha,Patel,spatel@ford.com,
spatel1,Go To Market Lead,Shobha,Patel,spatel1@ford.com,
sraman,Product Designer,Siddharth,Raman,sraman@ford.com,
srao,Software Engineer,Sanjana,Rao,srao@ford.com,
srao1,Product Designer,Sonali,Rao,srao1@ford.com,
sreed,Software Engineer,Sophie,Reed,sreed@ford.com,
ssaxena,Product Designer,Sakshi,Saxena,ssaxena@ford.com,
sshah,Software Engineer,Siddharth,Shah,sshah@ford.com,
sshah1,Software Engineer,Sneha,Shah,sshah1@ford.com,
ssharma,Software Engineer,Seema,Sharma,ssharma@ford.com,
ssingh,Software Engineer,Supriya,Singh,ssingh@ford.com,
ssmith,Anchor,Samuel,Smith,ssmith@ford.com,
ssmith1,Software Engineer,Scarlett,Smith,ssmith1@ford.com,
ssmith2,Go To Market Lead,Stella,Smith,ssmith2@ford.com,
ssmith3,Anchor,Stephen,Smith,ssmith3@ford.com,
ssuri,Data Scientist,Sanjeev,Suri,ssuri@ford.com,
staylor,Product Manager,Samuel,Taylor,staylor@ford.com,
staylor1,Go To Market Lead,Savannah,Taylor,staylor1@ford.com,
staylor2,Go To Market Lead,Simon,Taylor,staylor2@ford.com,
staylor3,Software Engineer,Sophia,Taylor,staylor3@ford.com,
staylor4,Anchor,Stella,Taylor,staylor4@ford.com,
sthakur1,Data Scientist,Shruti,Thakur,sthakur1@ford.com,
sthakur2,Data Engineer,Sushma,Thakur,sthakur2@ford.com,
sturner,Anchor,Simon,Turner,sturner@ford.com,
sverma,Software Engineer,Sanjay,Verma,sverma@ford.com,
sverma1,Data Scientist,Savita,Verma,sverma1@ford.com,
swillia1,Data Scientist,Serenity,Williams,swillia1@ford.com,
swilliam,Data Scientist,Samantha,Williams,swilliam@ford.com,
swilson,Data Engineer,Samuel,Wilson,swilson@ford.com,
swilson1,Software Engineer,Stella,Wilson,swilson1@ford.com,
swilson2,Software Engineer,Stephen,Wilson,swilson2@ford.com,
swright,Software Engineer,Sophie,Wright,swright@ford.com,
tbrown,Software Engineer,Thomas,Brown,tbrown@ford.com,
tdavis,Go To Market Lead,Tyrone,Davis,tdavis@ford.com,
tjohnso1,Software Engineer,Tracy,Johnson,tjohnso1@ford.com,
tjohnson,Data Scientist,Thomas,Johnson,tjohnson@ford.com,
tmiller,Product Manager,Tochashon,Miller,tmiller@ford.com,
treed,Go To Market Lead,Terry,Reed,treed@ford.com,
tsaxena,Anchor,Tanvi,Saxena,tsaxena@ford.com,
tsharma,Software Engineer,Tanmay,Sharma,tsharma@ford.com,
tsharma1,Software Engineer,Tara,Sharma,tsharma1@ford.com,
tsmith,Software Engineer,Theodore,Smith,tsmith@ford.com,
tsmith1,Software Engineer,Thomas,Smith,tsmith1@ford.com,
tsmith2,Anchor,Tiffany,Smith,tsmith2@ford.com,
ttaylor,Product Manager,Tamara,Taylor,ttaylor@ford.com,
ttaylor1,Software Engineer,Tayshaun,Taylor,ttaylor1@ford.com,
ttaylor2,Software Engineer,Theodore,Taylor,ttaylor2@ford.com,
ttaylor3,Software Engineer,Thomas,Taylor,ttaylor3@ford.com,
twilson,Anchor,Thomas,Wilson,twilson@ford.com,
tyadav,Software Engineer,Tarun,Yadav,tyadav@ford.com,
uchoudha,Software Engineer,Umesh,Choudhary,uchoudha@ford.com,
usriniva,Software Engineer,Uday,Srinivas,usriniva@ford.com,
vbajaj,Anchor,Vishal,Bajaj,vbajaj@ford.com,
vbrown,Software Engineer,Veronica,Brown,vbrown@ford.com,
vbrown1,Data Engineer,Victoria,Brown,vbrown1@ford.com,
vchoudhu,Software Engineer,Vandana,Choudhury,vchoudhu@ford.com,
vcox,Software Engineer,Victoria,Cox,vcox@ford.com,
vgupta,Software Engineer,Vasudha,Gupta,vgupta@ford.com,
vharris,Data Engineer,Violet,Harris,vharris@ford.com,
vjohnson,Anchor,Victoria,Johnson,vjohnson@ford.com,
vjones,Software Engineer,Victoria,Jones,vjones@ford.com,
vkumar,Anchor,Vikram,Kumar,vkumar@ford.com,
vmalhotr,Software Engineer,Vandana,Malhotra,vmalhotr@ford.com,
vmathur,Software Engineer,Vivek,Mathur,vmathur@ford.com,
vnair,Anchor,Vipul,Nair,vnair@ford.com,
vpatel,Software Engineer,Vaishali,Patel,vpatel@ford.com,
vpatel1,Software Engineer,Vani,Patel,vpatel1@ford.com,
vpatel2,Software Engineer,Vijay,Patel,vpatel2@ford.com,
vprasad,Software Engineer,Vinod,Prasad,vprasad@ford.com,
vrao,Software Engineer,Veena,Rao,vrao@ford.com,
vreddy,Software Engineer,Varun,Reddy,vreddy@ford.com,
vsharma,Product Manager,Vimal,Sharma,vsharma@ford.com,
vtaylor,Software Engineer,Violet,Taylor,vtaylor@ford.com,
vverma,Product Designer,Vidya,Verma,vverma@ford.com,
vwilson,Data Engineer,Victoria,Wilson,vwilson@ford.com,
vyadav,Software Engineer,Vinay,Yadav,vyadav@ford.com,
wanderso,Software Engineer,William,Anderson,wanderso@ford.com,
wdavis,Software Engineer,Walter,Davis,wdavis@ford.com,
wdavis1,Software Engineer,Wesley,Davis,wdavis1@ford.com,
wdavis2,Software Engineer,William,Davis,wdavis2@ford.com,
wharris,Product Manager,William,Harris,wharris@ford.com,
wjohnso1,Data Engineer,William,Johnson,wjohnso1@ford.com,
wjohnson,Data Scientist,Wallace,Johnson,wjohnson@ford.com,